--------------------------------------------------------
--  파일이 생성됨 - 금요일-5월-05-2023   
--------------------------------------------------------
--------------------------------------------------------
--  DDL for Table BBSARTICLE
--------------------------------------------------------

  CREATE TABLE "BBS"."BBSARTICLE" 
   (	"BBS_ID" VARCHAR2(32 BYTE), 
	"ARTICLE_ID" VARCHAR2(16 BYTE), 
	"REPLY_ID" NUMBER(*,0) DEFAULT 0, 
	"ARTICLE_TYPE" NUMBER(*,0), 
	"TITLE" VARCHAR2(512 BYTE), 
	"WRITER" VARCHAR2(32 BYTE), 
	"WRITTEN_TIME" DATE, 
	"READ_COUNT" NUMBER(*,0) DEFAULT 0, 
	"IS_DELETED" CHAR(1 BYTE) DEFAULT '0', 
	"ARTICLE_PASSWORD" VARCHAR2(128 BYTE)
   ) SEGMENT CREATION IMMEDIATE 
  PCTFREE 10 PCTUSED 40 INITRANS 1 MAXTRANS 255 
 NOCOMPRESS LOGGING
  STORAGE(INITIAL 65536 NEXT 1048576 MINEXTENTS 1 MAXEXTENTS 2147483645
  PCTINCREASE 0 FREELISTS 1 FREELIST GROUPS 1
  BUFFER_POOL DEFAULT FLASH_CACHE DEFAULT CELL_FLASH_CACHE DEFAULT)
  TABLESPACE "USERS" ;
--------------------------------------------------------
--  DDL for Table BBSBOARD
--------------------------------------------------------

  CREATE TABLE "BBS"."BBSBOARD" 
   (	"BBS_ID" VARCHAR2(32 BYTE), 
	"BBS_NAME" VARCHAR2(128 BYTE), 
	"BBS_TYPE" NUMBER(*,0), 
	"CREATED_TIME" DATE, 
	"IS_ENABLED" CHAR(1 BYTE) DEFAULT '1'
   ) SEGMENT CREATION IMMEDIATE 
  PCTFREE 10 PCTUSED 40 INITRANS 1 MAXTRANS 255 
 NOCOMPRESS LOGGING
  STORAGE(INITIAL 65536 NEXT 1048576 MINEXTENTS 1 MAXEXTENTS 2147483645
  PCTINCREASE 0 FREELISTS 1 FREELIST GROUPS 1
  BUFFER_POOL DEFAULT FLASH_CACHE DEFAULT CELL_FLASH_CACHE DEFAULT)
  TABLESPACE "USERS" ;
--------------------------------------------------------
--  DDL for Table BBSCONTENT
--------------------------------------------------------

  CREATE TABLE "BBS"."BBSCONTENT" 
   (	"BBS_ID" VARCHAR2(32 BYTE), 
	"ARTICLE_ID" VARCHAR2(16 BYTE), 
	"REPLY_ID" NUMBER(*,0), 
	"CONTENTS" NCLOB
   ) SEGMENT CREATION IMMEDIATE 
  PCTFREE 10 PCTUSED 40 INITRANS 1 MAXTRANS 255 
 NOCOMPRESS LOGGING
  STORAGE(INITIAL 65536 NEXT 1048576 MINEXTENTS 1 MAXEXTENTS 2147483645
  PCTINCREASE 0 FREELISTS 1 FREELIST GROUPS 1
  BUFFER_POOL DEFAULT FLASH_CACHE DEFAULT CELL_FLASH_CACHE DEFAULT)
  TABLESPACE "USERS"   NO INMEMORY 
 LOB ("CONTENTS") STORE AS SECUREFILE (
  TABLESPACE "USERS" ENABLE STORAGE IN ROW CHUNK 8192
  NOCACHE LOGGING  NOCOMPRESS  KEEP_DUPLICATES 
  STORAGE(INITIAL 106496 NEXT 1048576 MINEXTENTS 1 MAXEXTENTS 2147483645
  PCTINCREASE 0
  BUFFER_POOL DEFAULT FLASH_CACHE DEFAULT CELL_FLASH_CACHE DEFAULT)) ;
REM INSERTING into BBS.BBSARTICLE
SET DEFINE OFF;
Insert into BBS.BBSARTICLE (BBS_ID,ARTICLE_ID,REPLY_ID,ARTICLE_TYPE,TITLE,WRITER,WRITTEN_TIME,READ_COUNT,IS_DELETED,ARTICLE_PASSWORD) values ('test2','2023042614463306',0,0,'테스트 문서','GUEST',to_date('23/04/26','RR/MM/DD'),12,'0','1234');
Insert into BBS.BBSARTICLE (BBS_ID,ARTICLE_ID,REPLY_ID,ARTICLE_TYPE,TITLE,WRITER,WRITTEN_TIME,READ_COUNT,IS_DELETED,ARTICLE_PASSWORD) values ('test2','2023042614595717',0,0,'테스트 ORACLE','GUEST',to_date('23/04/26','RR/MM/DD'),4,'0','1234');
Insert into BBS.BBSARTICLE (BBS_ID,ARTICLE_ID,REPLY_ID,ARTICLE_TYPE,TITLE,WRITER,WRITTEN_TIME,READ_COUNT,IS_DELETED,ARTICLE_PASSWORD) values ('test2','2023042615100203',0,0,'TEST','GUEST',to_date('23/04/26','RR/MM/DD'),3,'0','1234');
Insert into BBS.BBSARTICLE (BBS_ID,ARTICLE_ID,REPLY_ID,ARTICLE_TYPE,TITLE,WRITER,WRITTEN_TIME,READ_COUNT,IS_DELETED,ARTICLE_PASSWORD) values ('test','2023042617364525',0,0,'테스트 게시물 #1','SYSTEM',to_date('23/04/26','RR/MM/DD'),0,'0','1234');
Insert into BBS.BBSARTICLE (BBS_ID,ARTICLE_ID,REPLY_ID,ARTICLE_TYPE,TITLE,WRITER,WRITTEN_TIME,READ_COUNT,IS_DELETED,ARTICLE_PASSWORD) values ('test','2023042617364811',0,0,'테스트 게시물 #2','SYSTEM',to_date('23/04/26','RR/MM/DD'),0,'0','1234');
Insert into BBS.BBSARTICLE (BBS_ID,ARTICLE_ID,REPLY_ID,ARTICLE_TYPE,TITLE,WRITER,WRITTEN_TIME,READ_COUNT,IS_DELETED,ARTICLE_PASSWORD) values ('test','2023042617364846',0,0,'테스트 게시물 #3','SYSTEM',to_date('23/04/26','RR/MM/DD'),0,'0','1234');
Insert into BBS.BBSARTICLE (BBS_ID,ARTICLE_ID,REPLY_ID,ARTICLE_TYPE,TITLE,WRITER,WRITTEN_TIME,READ_COUNT,IS_DELETED,ARTICLE_PASSWORD) values ('test','2023042617364976',0,0,'테스트 게시물 #4','SYSTEM',to_date('23/04/26','RR/MM/DD'),0,'0','1234');
Insert into BBS.BBSARTICLE (BBS_ID,ARTICLE_ID,REPLY_ID,ARTICLE_TYPE,TITLE,WRITER,WRITTEN_TIME,READ_COUNT,IS_DELETED,ARTICLE_PASSWORD) values ('test','2023042617364965',0,0,'테스트 게시물 #5','SYSTEM',to_date('23/04/26','RR/MM/DD'),0,'0','1234');
Insert into BBS.BBSARTICLE (BBS_ID,ARTICLE_ID,REPLY_ID,ARTICLE_TYPE,TITLE,WRITER,WRITTEN_TIME,READ_COUNT,IS_DELETED,ARTICLE_PASSWORD) values ('test','2023042617365043',0,0,'테스트 게시물 #6','SYSTEM',to_date('23/04/26','RR/MM/DD'),0,'0','1234');
Insert into BBS.BBSARTICLE (BBS_ID,ARTICLE_ID,REPLY_ID,ARTICLE_TYPE,TITLE,WRITER,WRITTEN_TIME,READ_COUNT,IS_DELETED,ARTICLE_PASSWORD) values ('test','2023042617365035',0,0,'테스트 게시물 #7','SYSTEM',to_date('23/04/26','RR/MM/DD'),0,'0','1234');
Insert into BBS.BBSARTICLE (BBS_ID,ARTICLE_ID,REPLY_ID,ARTICLE_TYPE,TITLE,WRITER,WRITTEN_TIME,READ_COUNT,IS_DELETED,ARTICLE_PASSWORD) values ('test','2023042617365193',0,0,'테스트 게시물 #8','SYSTEM',to_date('23/04/26','RR/MM/DD'),0,'0','1234');
Insert into BBS.BBSARTICLE (BBS_ID,ARTICLE_ID,REPLY_ID,ARTICLE_TYPE,TITLE,WRITER,WRITTEN_TIME,READ_COUNT,IS_DELETED,ARTICLE_PASSWORD) values ('test','2023042617365210',0,0,'테스트 게시물 #9','SYSTEM',to_date('23/04/26','RR/MM/DD'),0,'0','1234');
Insert into BBS.BBSARTICLE (BBS_ID,ARTICLE_ID,REPLY_ID,ARTICLE_TYPE,TITLE,WRITER,WRITTEN_TIME,READ_COUNT,IS_DELETED,ARTICLE_PASSWORD) values ('test','2023042617365263',0,0,'테스트 게시물 #10','SYSTEM',to_date('23/04/26','RR/MM/DD'),0,'0','1234');
Insert into BBS.BBSARTICLE (BBS_ID,ARTICLE_ID,REPLY_ID,ARTICLE_TYPE,TITLE,WRITER,WRITTEN_TIME,READ_COUNT,IS_DELETED,ARTICLE_PASSWORD) values ('test','2023042617365303',0,0,'테스트 게시물 #11','SYSTEM',to_date('23/04/26','RR/MM/DD'),0,'0','1234');
Insert into BBS.BBSARTICLE (BBS_ID,ARTICLE_ID,REPLY_ID,ARTICLE_TYPE,TITLE,WRITER,WRITTEN_TIME,READ_COUNT,IS_DELETED,ARTICLE_PASSWORD) values ('test','2023042617365325',0,0,'테스트 게시물 #12','SYSTEM',to_date('23/04/26','RR/MM/DD'),0,'0','1234');
Insert into BBS.BBSARTICLE (BBS_ID,ARTICLE_ID,REPLY_ID,ARTICLE_TYPE,TITLE,WRITER,WRITTEN_TIME,READ_COUNT,IS_DELETED,ARTICLE_PASSWORD) values ('test','2023042617365432',0,0,'테스트 게시물 #13','SYSTEM',to_date('23/04/26','RR/MM/DD'),0,'0','1234');
Insert into BBS.BBSARTICLE (BBS_ID,ARTICLE_ID,REPLY_ID,ARTICLE_TYPE,TITLE,WRITER,WRITTEN_TIME,READ_COUNT,IS_DELETED,ARTICLE_PASSWORD) values ('test','2023042617365497',0,0,'테스트 게시물 #14','SYSTEM',to_date('23/04/26','RR/MM/DD'),0,'0','1234');
Insert into BBS.BBSARTICLE (BBS_ID,ARTICLE_ID,REPLY_ID,ARTICLE_TYPE,TITLE,WRITER,WRITTEN_TIME,READ_COUNT,IS_DELETED,ARTICLE_PASSWORD) values ('test','2023042617365567',0,0,'테스트 게시물 #15','SYSTEM',to_date('23/04/26','RR/MM/DD'),0,'0','1234');
Insert into BBS.BBSARTICLE (BBS_ID,ARTICLE_ID,REPLY_ID,ARTICLE_TYPE,TITLE,WRITER,WRITTEN_TIME,READ_COUNT,IS_DELETED,ARTICLE_PASSWORD) values ('test','2023042617365565',0,0,'테스트 게시물 #16','SYSTEM',to_date('23/04/26','RR/MM/DD'),0,'0','1234');
Insert into BBS.BBSARTICLE (BBS_ID,ARTICLE_ID,REPLY_ID,ARTICLE_TYPE,TITLE,WRITER,WRITTEN_TIME,READ_COUNT,IS_DELETED,ARTICLE_PASSWORD) values ('test','2023042617365628',0,0,'테스트 게시물 #17','SYSTEM',to_date('23/04/26','RR/MM/DD'),0,'0','1234');
Insert into BBS.BBSARTICLE (BBS_ID,ARTICLE_ID,REPLY_ID,ARTICLE_TYPE,TITLE,WRITER,WRITTEN_TIME,READ_COUNT,IS_DELETED,ARTICLE_PASSWORD) values ('test','2023042617365661',0,0,'테스트 게시물 #18','SYSTEM',to_date('23/04/26','RR/MM/DD'),0,'0','1234');
Insert into BBS.BBSARTICLE (BBS_ID,ARTICLE_ID,REPLY_ID,ARTICLE_TYPE,TITLE,WRITER,WRITTEN_TIME,READ_COUNT,IS_DELETED,ARTICLE_PASSWORD) values ('test','2023042617365770',0,0,'테스트 게시물 #19','SYSTEM',to_date('23/04/26','RR/MM/DD'),0,'0','1234');
Insert into BBS.BBSARTICLE (BBS_ID,ARTICLE_ID,REPLY_ID,ARTICLE_TYPE,TITLE,WRITER,WRITTEN_TIME,READ_COUNT,IS_DELETED,ARTICLE_PASSWORD) values ('test','2023042617365769',0,0,'테스트 게시물 #20','SYSTEM',to_date('23/04/26','RR/MM/DD'),0,'0','1234');
Insert into BBS.BBSARTICLE (BBS_ID,ARTICLE_ID,REPLY_ID,ARTICLE_TYPE,TITLE,WRITER,WRITTEN_TIME,READ_COUNT,IS_DELETED,ARTICLE_PASSWORD) values ('test','2023042617365894',0,0,'테스트 게시물 #21','SYSTEM',to_date('23/04/26','RR/MM/DD'),0,'0','1234');
Insert into BBS.BBSARTICLE (BBS_ID,ARTICLE_ID,REPLY_ID,ARTICLE_TYPE,TITLE,WRITER,WRITTEN_TIME,READ_COUNT,IS_DELETED,ARTICLE_PASSWORD) values ('test','2023042617365810',0,0,'테스트 게시물 #22','SYSTEM',to_date('23/04/26','RR/MM/DD'),0,'0','1234');
Insert into BBS.BBSARTICLE (BBS_ID,ARTICLE_ID,REPLY_ID,ARTICLE_TYPE,TITLE,WRITER,WRITTEN_TIME,READ_COUNT,IS_DELETED,ARTICLE_PASSWORD) values ('test','2023042617365916',0,0,'테스트 게시물 #23','SYSTEM',to_date('23/04/26','RR/MM/DD'),0,'0','1234');
Insert into BBS.BBSARTICLE (BBS_ID,ARTICLE_ID,REPLY_ID,ARTICLE_TYPE,TITLE,WRITER,WRITTEN_TIME,READ_COUNT,IS_DELETED,ARTICLE_PASSWORD) values ('test','2023042617370038',0,0,'테스트 게시물 #24','SYSTEM',to_date('23/04/26','RR/MM/DD'),0,'0','1234');
Insert into BBS.BBSARTICLE (BBS_ID,ARTICLE_ID,REPLY_ID,ARTICLE_TYPE,TITLE,WRITER,WRITTEN_TIME,READ_COUNT,IS_DELETED,ARTICLE_PASSWORD) values ('test','2023042617370079',0,0,'테스트 게시물 #25','SYSTEM',to_date('23/04/26','RR/MM/DD'),0,'0','1234');
Insert into BBS.BBSARTICLE (BBS_ID,ARTICLE_ID,REPLY_ID,ARTICLE_TYPE,TITLE,WRITER,WRITTEN_TIME,READ_COUNT,IS_DELETED,ARTICLE_PASSWORD) values ('test','2023042617370117',0,0,'테스트 게시물 #26','SYSTEM',to_date('23/04/26','RR/MM/DD'),0,'0','1234');
Insert into BBS.BBSARTICLE (BBS_ID,ARTICLE_ID,REPLY_ID,ARTICLE_TYPE,TITLE,WRITER,WRITTEN_TIME,READ_COUNT,IS_DELETED,ARTICLE_PASSWORD) values ('test','2023042617370178',0,0,'테스트 게시물 #27','SYSTEM',to_date('23/04/26','RR/MM/DD'),0,'0','1234');
Insert into BBS.BBSARTICLE (BBS_ID,ARTICLE_ID,REPLY_ID,ARTICLE_TYPE,TITLE,WRITER,WRITTEN_TIME,READ_COUNT,IS_DELETED,ARTICLE_PASSWORD) values ('test','2023042617370231',0,0,'테스트 게시물 #28','SYSTEM',to_date('23/04/26','RR/MM/DD'),0,'0','1234');
Insert into BBS.BBSARTICLE (BBS_ID,ARTICLE_ID,REPLY_ID,ARTICLE_TYPE,TITLE,WRITER,WRITTEN_TIME,READ_COUNT,IS_DELETED,ARTICLE_PASSWORD) values ('test','2023042617370281',0,0,'테스트 게시물 #29','SYSTEM',to_date('23/04/26','RR/MM/DD'),0,'0','1234');
Insert into BBS.BBSARTICLE (BBS_ID,ARTICLE_ID,REPLY_ID,ARTICLE_TYPE,TITLE,WRITER,WRITTEN_TIME,READ_COUNT,IS_DELETED,ARTICLE_PASSWORD) values ('test','2023042617370387',0,0,'테스트 게시물 #30','SYSTEM',to_date('23/04/26','RR/MM/DD'),0,'0','1234');
Insert into BBS.BBSARTICLE (BBS_ID,ARTICLE_ID,REPLY_ID,ARTICLE_TYPE,TITLE,WRITER,WRITTEN_TIME,READ_COUNT,IS_DELETED,ARTICLE_PASSWORD) values ('test','2023042617370355',0,0,'테스트 게시물 #31','SYSTEM',to_date('23/04/26','RR/MM/DD'),0,'0','1234');
Insert into BBS.BBSARTICLE (BBS_ID,ARTICLE_ID,REPLY_ID,ARTICLE_TYPE,TITLE,WRITER,WRITTEN_TIME,READ_COUNT,IS_DELETED,ARTICLE_PASSWORD) values ('test','2023042617370471',0,0,'테스트 게시물 #32','SYSTEM',to_date('23/04/26','RR/MM/DD'),0,'0','1234');
Insert into BBS.BBSARTICLE (BBS_ID,ARTICLE_ID,REPLY_ID,ARTICLE_TYPE,TITLE,WRITER,WRITTEN_TIME,READ_COUNT,IS_DELETED,ARTICLE_PASSWORD) values ('test','2023042617370469',0,0,'테스트 게시물 #33','SYSTEM',to_date('23/04/26','RR/MM/DD'),0,'0','1234');
Insert into BBS.BBSARTICLE (BBS_ID,ARTICLE_ID,REPLY_ID,ARTICLE_TYPE,TITLE,WRITER,WRITTEN_TIME,READ_COUNT,IS_DELETED,ARTICLE_PASSWORD) values ('test','2023042617370502',0,0,'테스트 게시물 #34','SYSTEM',to_date('23/04/26','RR/MM/DD'),0,'0','1234');
Insert into BBS.BBSARTICLE (BBS_ID,ARTICLE_ID,REPLY_ID,ARTICLE_TYPE,TITLE,WRITER,WRITTEN_TIME,READ_COUNT,IS_DELETED,ARTICLE_PASSWORD) values ('test','2023042617370598',0,0,'테스트 게시물 #35','SYSTEM',to_date('23/04/26','RR/MM/DD'),0,'0','1234');
Insert into BBS.BBSARTICLE (BBS_ID,ARTICLE_ID,REPLY_ID,ARTICLE_TYPE,TITLE,WRITER,WRITTEN_TIME,READ_COUNT,IS_DELETED,ARTICLE_PASSWORD) values ('test','2023042617370680',0,0,'테스트 게시물 #36','SYSTEM',to_date('23/04/26','RR/MM/DD'),0,'0','1234');
Insert into BBS.BBSARTICLE (BBS_ID,ARTICLE_ID,REPLY_ID,ARTICLE_TYPE,TITLE,WRITER,WRITTEN_TIME,READ_COUNT,IS_DELETED,ARTICLE_PASSWORD) values ('test','2023042617370685',0,0,'테스트 게시물 #37','SYSTEM',to_date('23/04/26','RR/MM/DD'),0,'0','1234');
Insert into BBS.BBSARTICLE (BBS_ID,ARTICLE_ID,REPLY_ID,ARTICLE_TYPE,TITLE,WRITER,WRITTEN_TIME,READ_COUNT,IS_DELETED,ARTICLE_PASSWORD) values ('test','2023042617370707',0,0,'테스트 게시물 #38','SYSTEM',to_date('23/04/26','RR/MM/DD'),0,'0','1234');
Insert into BBS.BBSARTICLE (BBS_ID,ARTICLE_ID,REPLY_ID,ARTICLE_TYPE,TITLE,WRITER,WRITTEN_TIME,READ_COUNT,IS_DELETED,ARTICLE_PASSWORD) values ('test','2023042617370851',0,0,'테스트 게시물 #39','SYSTEM',to_date('23/04/26','RR/MM/DD'),0,'0','1234');
Insert into BBS.BBSARTICLE (BBS_ID,ARTICLE_ID,REPLY_ID,ARTICLE_TYPE,TITLE,WRITER,WRITTEN_TIME,READ_COUNT,IS_DELETED,ARTICLE_PASSWORD) values ('test','2023042617370852',0,0,'테스트 게시물 #40','SYSTEM',to_date('23/04/26','RR/MM/DD'),0,'0','1234');
Insert into BBS.BBSARTICLE (BBS_ID,ARTICLE_ID,REPLY_ID,ARTICLE_TYPE,TITLE,WRITER,WRITTEN_TIME,READ_COUNT,IS_DELETED,ARTICLE_PASSWORD) values ('test','2023042617370927',0,0,'테스트 게시물 #41','SYSTEM',to_date('23/04/26','RR/MM/DD'),0,'0','1234');
Insert into BBS.BBSARTICLE (BBS_ID,ARTICLE_ID,REPLY_ID,ARTICLE_TYPE,TITLE,WRITER,WRITTEN_TIME,READ_COUNT,IS_DELETED,ARTICLE_PASSWORD) values ('test','2023042617370998',0,0,'테스트 게시물 #42','SYSTEM',to_date('23/04/26','RR/MM/DD'),0,'0','1234');
Insert into BBS.BBSARTICLE (BBS_ID,ARTICLE_ID,REPLY_ID,ARTICLE_TYPE,TITLE,WRITER,WRITTEN_TIME,READ_COUNT,IS_DELETED,ARTICLE_PASSWORD) values ('test','2023042617371068',0,0,'테스트 게시물 #43','SYSTEM',to_date('23/04/26','RR/MM/DD'),0,'0','1234');
Insert into BBS.BBSARTICLE (BBS_ID,ARTICLE_ID,REPLY_ID,ARTICLE_TYPE,TITLE,WRITER,WRITTEN_TIME,READ_COUNT,IS_DELETED,ARTICLE_PASSWORD) values ('test','2023042617371038',0,0,'테스트 게시물 #44','SYSTEM',to_date('23/04/26','RR/MM/DD'),0,'0','1234');
Insert into BBS.BBSARTICLE (BBS_ID,ARTICLE_ID,REPLY_ID,ARTICLE_TYPE,TITLE,WRITER,WRITTEN_TIME,READ_COUNT,IS_DELETED,ARTICLE_PASSWORD) values ('test','2023042617371143',0,0,'테스트 게시물 #45','SYSTEM',to_date('23/04/26','RR/MM/DD'),0,'0','1234');
Insert into BBS.BBSARTICLE (BBS_ID,ARTICLE_ID,REPLY_ID,ARTICLE_TYPE,TITLE,WRITER,WRITTEN_TIME,READ_COUNT,IS_DELETED,ARTICLE_PASSWORD) values ('test','2023042617371167',0,0,'테스트 게시물 #46','SYSTEM',to_date('23/04/26','RR/MM/DD'),0,'0','1234');
Insert into BBS.BBSARTICLE (BBS_ID,ARTICLE_ID,REPLY_ID,ARTICLE_TYPE,TITLE,WRITER,WRITTEN_TIME,READ_COUNT,IS_DELETED,ARTICLE_PASSWORD) values ('test','2023042617371267',0,0,'테스트 게시물 #47','SYSTEM',to_date('23/04/26','RR/MM/DD'),0,'0','1234');
Insert into BBS.BBSARTICLE (BBS_ID,ARTICLE_ID,REPLY_ID,ARTICLE_TYPE,TITLE,WRITER,WRITTEN_TIME,READ_COUNT,IS_DELETED,ARTICLE_PASSWORD) values ('test','2023042617371247',0,0,'테스트 게시물 #48','SYSTEM',to_date('23/04/26','RR/MM/DD'),0,'0','1234');
Insert into BBS.BBSARTICLE (BBS_ID,ARTICLE_ID,REPLY_ID,ARTICLE_TYPE,TITLE,WRITER,WRITTEN_TIME,READ_COUNT,IS_DELETED,ARTICLE_PASSWORD) values ('test','2023042617371324',0,0,'테스트 게시물 #49','SYSTEM',to_date('23/04/26','RR/MM/DD'),0,'0','1234');
Insert into BBS.BBSARTICLE (BBS_ID,ARTICLE_ID,REPLY_ID,ARTICLE_TYPE,TITLE,WRITER,WRITTEN_TIME,READ_COUNT,IS_DELETED,ARTICLE_PASSWORD) values ('test','2023042617371335',0,0,'테스트 게시물 #50','SYSTEM',to_date('23/04/26','RR/MM/DD'),0,'0','1234');
Insert into BBS.BBSARTICLE (BBS_ID,ARTICLE_ID,REPLY_ID,ARTICLE_TYPE,TITLE,WRITER,WRITTEN_TIME,READ_COUNT,IS_DELETED,ARTICLE_PASSWORD) values ('test','2023042617371452',0,0,'테스트 게시물 #51','SYSTEM',to_date('23/04/26','RR/MM/DD'),0,'0','1234');
Insert into BBS.BBSARTICLE (BBS_ID,ARTICLE_ID,REPLY_ID,ARTICLE_TYPE,TITLE,WRITER,WRITTEN_TIME,READ_COUNT,IS_DELETED,ARTICLE_PASSWORD) values ('test','2023042617371417',0,0,'테스트 게시물 #52','SYSTEM',to_date('23/04/26','RR/MM/DD'),0,'0','1234');
Insert into BBS.BBSARTICLE (BBS_ID,ARTICLE_ID,REPLY_ID,ARTICLE_TYPE,TITLE,WRITER,WRITTEN_TIME,READ_COUNT,IS_DELETED,ARTICLE_PASSWORD) values ('test','2023042617371534',0,0,'테스트 게시물 #53','SYSTEM',to_date('23/04/26','RR/MM/DD'),0,'0','1234');
Insert into BBS.BBSARTICLE (BBS_ID,ARTICLE_ID,REPLY_ID,ARTICLE_TYPE,TITLE,WRITER,WRITTEN_TIME,READ_COUNT,IS_DELETED,ARTICLE_PASSWORD) values ('test','2023042617371668',0,0,'테스트 게시물 #54','SYSTEM',to_date('23/04/26','RR/MM/DD'),0,'0','1234');
Insert into BBS.BBSARTICLE (BBS_ID,ARTICLE_ID,REPLY_ID,ARTICLE_TYPE,TITLE,WRITER,WRITTEN_TIME,READ_COUNT,IS_DELETED,ARTICLE_PASSWORD) values ('test','2023042617371639',0,0,'테스트 게시물 #55','SYSTEM',to_date('23/04/26','RR/MM/DD'),0,'0','1234');
Insert into BBS.BBSARTICLE (BBS_ID,ARTICLE_ID,REPLY_ID,ARTICLE_TYPE,TITLE,WRITER,WRITTEN_TIME,READ_COUNT,IS_DELETED,ARTICLE_PASSWORD) values ('test','2023042617371716',0,0,'테스트 게시물 #56','SYSTEM',to_date('23/04/26','RR/MM/DD'),0,'0','1234');
Insert into BBS.BBSARTICLE (BBS_ID,ARTICLE_ID,REPLY_ID,ARTICLE_TYPE,TITLE,WRITER,WRITTEN_TIME,READ_COUNT,IS_DELETED,ARTICLE_PASSWORD) values ('test','2023042617371794',0,0,'테스트 게시물 #57','SYSTEM',to_date('23/04/26','RR/MM/DD'),0,'0','1234');
Insert into BBS.BBSARTICLE (BBS_ID,ARTICLE_ID,REPLY_ID,ARTICLE_TYPE,TITLE,WRITER,WRITTEN_TIME,READ_COUNT,IS_DELETED,ARTICLE_PASSWORD) values ('test','2023042617371809',0,0,'테스트 게시물 #58','SYSTEM',to_date('23/04/26','RR/MM/DD'),0,'0','1234');
Insert into BBS.BBSARTICLE (BBS_ID,ARTICLE_ID,REPLY_ID,ARTICLE_TYPE,TITLE,WRITER,WRITTEN_TIME,READ_COUNT,IS_DELETED,ARTICLE_PASSWORD) values ('test','2023042617371896',0,0,'테스트 게시물 #59','SYSTEM',to_date('23/04/26','RR/MM/DD'),0,'0','1234');
Insert into BBS.BBSARTICLE (BBS_ID,ARTICLE_ID,REPLY_ID,ARTICLE_TYPE,TITLE,WRITER,WRITTEN_TIME,READ_COUNT,IS_DELETED,ARTICLE_PASSWORD) values ('test','2023042617371948',0,0,'테스트 게시물 #60','SYSTEM',to_date('23/04/26','RR/MM/DD'),0,'0','1234');
Insert into BBS.BBSARTICLE (BBS_ID,ARTICLE_ID,REPLY_ID,ARTICLE_TYPE,TITLE,WRITER,WRITTEN_TIME,READ_COUNT,IS_DELETED,ARTICLE_PASSWORD) values ('test','2023042617371963',0,0,'테스트 게시물 #61','SYSTEM',to_date('23/04/26','RR/MM/DD'),0,'0','1234');
Insert into BBS.BBSARTICLE (BBS_ID,ARTICLE_ID,REPLY_ID,ARTICLE_TYPE,TITLE,WRITER,WRITTEN_TIME,READ_COUNT,IS_DELETED,ARTICLE_PASSWORD) values ('test','2023042617372005',0,0,'테스트 게시물 #62','SYSTEM',to_date('23/04/26','RR/MM/DD'),0,'0','1234');
Insert into BBS.BBSARTICLE (BBS_ID,ARTICLE_ID,REPLY_ID,ARTICLE_TYPE,TITLE,WRITER,WRITTEN_TIME,READ_COUNT,IS_DELETED,ARTICLE_PASSWORD) values ('test','2023042617372012',0,0,'테스트 게시물 #63','SYSTEM',to_date('23/04/26','RR/MM/DD'),0,'0','1234');
Insert into BBS.BBSARTICLE (BBS_ID,ARTICLE_ID,REPLY_ID,ARTICLE_TYPE,TITLE,WRITER,WRITTEN_TIME,READ_COUNT,IS_DELETED,ARTICLE_PASSWORD) values ('test','2023042617372122',0,0,'테스트 게시물 #64','SYSTEM',to_date('23/04/26','RR/MM/DD'),0,'0','1234');
Insert into BBS.BBSARTICLE (BBS_ID,ARTICLE_ID,REPLY_ID,ARTICLE_TYPE,TITLE,WRITER,WRITTEN_TIME,READ_COUNT,IS_DELETED,ARTICLE_PASSWORD) values ('test','2023042617372109',0,0,'테스트 게시물 #65','SYSTEM',to_date('23/04/26','RR/MM/DD'),0,'0','1234');
Insert into BBS.BBSARTICLE (BBS_ID,ARTICLE_ID,REPLY_ID,ARTICLE_TYPE,TITLE,WRITER,WRITTEN_TIME,READ_COUNT,IS_DELETED,ARTICLE_PASSWORD) values ('test','2023042617372231',0,0,'테스트 게시물 #66','SYSTEM',to_date('23/04/26','RR/MM/DD'),0,'0','1234');
Insert into BBS.BBSARTICLE (BBS_ID,ARTICLE_ID,REPLY_ID,ARTICLE_TYPE,TITLE,WRITER,WRITTEN_TIME,READ_COUNT,IS_DELETED,ARTICLE_PASSWORD) values ('test','2023042617372254',0,0,'테스트 게시물 #67','SYSTEM',to_date('23/04/26','RR/MM/DD'),0,'0','1234');
Insert into BBS.BBSARTICLE (BBS_ID,ARTICLE_ID,REPLY_ID,ARTICLE_TYPE,TITLE,WRITER,WRITTEN_TIME,READ_COUNT,IS_DELETED,ARTICLE_PASSWORD) values ('test','2023042617372331',0,0,'테스트 게시물 #68','SYSTEM',to_date('23/04/26','RR/MM/DD'),0,'0','1234');
Insert into BBS.BBSARTICLE (BBS_ID,ARTICLE_ID,REPLY_ID,ARTICLE_TYPE,TITLE,WRITER,WRITTEN_TIME,READ_COUNT,IS_DELETED,ARTICLE_PASSWORD) values ('test','2023042617372498',0,0,'테스트 게시물 #69','SYSTEM',to_date('23/04/26','RR/MM/DD'),0,'0','1234');
Insert into BBS.BBSARTICLE (BBS_ID,ARTICLE_ID,REPLY_ID,ARTICLE_TYPE,TITLE,WRITER,WRITTEN_TIME,READ_COUNT,IS_DELETED,ARTICLE_PASSWORD) values ('test','2023042617372486',0,0,'테스트 게시물 #70','SYSTEM',to_date('23/04/26','RR/MM/DD'),0,'0','1234');
Insert into BBS.BBSARTICLE (BBS_ID,ARTICLE_ID,REPLY_ID,ARTICLE_TYPE,TITLE,WRITER,WRITTEN_TIME,READ_COUNT,IS_DELETED,ARTICLE_PASSWORD) values ('test','2023042617372579',0,0,'테스트 게시물 #71','SYSTEM',to_date('23/04/26','RR/MM/DD'),0,'0','1234');
Insert into BBS.BBSARTICLE (BBS_ID,ARTICLE_ID,REPLY_ID,ARTICLE_TYPE,TITLE,WRITER,WRITTEN_TIME,READ_COUNT,IS_DELETED,ARTICLE_PASSWORD) values ('test','2023042617372522',0,0,'테스트 게시물 #72','SYSTEM',to_date('23/04/26','RR/MM/DD'),0,'0','1234');
Insert into BBS.BBSARTICLE (BBS_ID,ARTICLE_ID,REPLY_ID,ARTICLE_TYPE,TITLE,WRITER,WRITTEN_TIME,READ_COUNT,IS_DELETED,ARTICLE_PASSWORD) values ('test','2023042617372610',0,0,'테스트 게시물 #73','SYSTEM',to_date('23/04/26','RR/MM/DD'),0,'0','1234');
Insert into BBS.BBSARTICLE (BBS_ID,ARTICLE_ID,REPLY_ID,ARTICLE_TYPE,TITLE,WRITER,WRITTEN_TIME,READ_COUNT,IS_DELETED,ARTICLE_PASSWORD) values ('test','2023042617372618',0,0,'테스트 게시물 #74','SYSTEM',to_date('23/04/26','RR/MM/DD'),0,'0','1234');
Insert into BBS.BBSARTICLE (BBS_ID,ARTICLE_ID,REPLY_ID,ARTICLE_TYPE,TITLE,WRITER,WRITTEN_TIME,READ_COUNT,IS_DELETED,ARTICLE_PASSWORD) values ('test','2023042617372743',0,0,'테스트 게시물 #75','SYSTEM',to_date('23/04/26','RR/MM/DD'),0,'0','1234');
Insert into BBS.BBSARTICLE (BBS_ID,ARTICLE_ID,REPLY_ID,ARTICLE_TYPE,TITLE,WRITER,WRITTEN_TIME,READ_COUNT,IS_DELETED,ARTICLE_PASSWORD) values ('test','2023042617372794',0,0,'테스트 게시물 #76','SYSTEM',to_date('23/04/26','RR/MM/DD'),0,'0','1234');
Insert into BBS.BBSARTICLE (BBS_ID,ARTICLE_ID,REPLY_ID,ARTICLE_TYPE,TITLE,WRITER,WRITTEN_TIME,READ_COUNT,IS_DELETED,ARTICLE_PASSWORD) values ('test','2023042617372840',0,0,'테스트 게시물 #77','SYSTEM',to_date('23/04/26','RR/MM/DD'),0,'0','1234');
Insert into BBS.BBSARTICLE (BBS_ID,ARTICLE_ID,REPLY_ID,ARTICLE_TYPE,TITLE,WRITER,WRITTEN_TIME,READ_COUNT,IS_DELETED,ARTICLE_PASSWORD) values ('test','2023042617373425',0,0,'테스트 게시물 #1','SYSTEM',to_date('23/04/26','RR/MM/DD'),0,'0','1234');
Insert into BBS.BBSARTICLE (BBS_ID,ARTICLE_ID,REPLY_ID,ARTICLE_TYPE,TITLE,WRITER,WRITTEN_TIME,READ_COUNT,IS_DELETED,ARTICLE_PASSWORD) values ('test','2023042617373511',0,0,'테스트 게시물 #2','SYSTEM',to_date('23/04/26','RR/MM/DD'),0,'0','1234');
Insert into BBS.BBSARTICLE (BBS_ID,ARTICLE_ID,REPLY_ID,ARTICLE_TYPE,TITLE,WRITER,WRITTEN_TIME,READ_COUNT,IS_DELETED,ARTICLE_PASSWORD) values ('test','2023042617373546',0,0,'테스트 게시물 #3','SYSTEM',to_date('23/04/26','RR/MM/DD'),0,'0','1234');
Insert into BBS.BBSARTICLE (BBS_ID,ARTICLE_ID,REPLY_ID,ARTICLE_TYPE,TITLE,WRITER,WRITTEN_TIME,READ_COUNT,IS_DELETED,ARTICLE_PASSWORD) values ('test','2023042617373676',0,0,'테스트 게시물 #4','SYSTEM',to_date('23/04/26','RR/MM/DD'),0,'0','1234');
Insert into BBS.BBSARTICLE (BBS_ID,ARTICLE_ID,REPLY_ID,ARTICLE_TYPE,TITLE,WRITER,WRITTEN_TIME,READ_COUNT,IS_DELETED,ARTICLE_PASSWORD) values ('test','2023042617373665',0,0,'테스트 게시물 #5','SYSTEM',to_date('23/04/26','RR/MM/DD'),0,'0','1234');
Insert into BBS.BBSARTICLE (BBS_ID,ARTICLE_ID,REPLY_ID,ARTICLE_TYPE,TITLE,WRITER,WRITTEN_TIME,READ_COUNT,IS_DELETED,ARTICLE_PASSWORD) values ('test','2023042617373743',0,0,'테스트 게시물 #6','SYSTEM',to_date('23/04/26','RR/MM/DD'),0,'0','1234');
Insert into BBS.BBSARTICLE (BBS_ID,ARTICLE_ID,REPLY_ID,ARTICLE_TYPE,TITLE,WRITER,WRITTEN_TIME,READ_COUNT,IS_DELETED,ARTICLE_PASSWORD) values ('test','2023042617373735',0,0,'테스트 게시물 #7','SYSTEM',to_date('23/04/26','RR/MM/DD'),0,'0','1234');
Insert into BBS.BBSARTICLE (BBS_ID,ARTICLE_ID,REPLY_ID,ARTICLE_TYPE,TITLE,WRITER,WRITTEN_TIME,READ_COUNT,IS_DELETED,ARTICLE_PASSWORD) values ('test','2023042617373893',0,0,'테스트 게시물 #8','SYSTEM',to_date('23/04/26','RR/MM/DD'),0,'0','1234');
Insert into BBS.BBSARTICLE (BBS_ID,ARTICLE_ID,REPLY_ID,ARTICLE_TYPE,TITLE,WRITER,WRITTEN_TIME,READ_COUNT,IS_DELETED,ARTICLE_PASSWORD) values ('test','2023042617373810',0,0,'테스트 게시물 #9','SYSTEM',to_date('23/04/26','RR/MM/DD'),0,'0','1234');
Insert into BBS.BBSARTICLE (BBS_ID,ARTICLE_ID,REPLY_ID,ARTICLE_TYPE,TITLE,WRITER,WRITTEN_TIME,READ_COUNT,IS_DELETED,ARTICLE_PASSWORD) values ('test','2023042617373963',0,0,'테스트 게시물 #10','SYSTEM',to_date('23/04/26','RR/MM/DD'),0,'0','1234');
Insert into BBS.BBSARTICLE (BBS_ID,ARTICLE_ID,REPLY_ID,ARTICLE_TYPE,TITLE,WRITER,WRITTEN_TIME,READ_COUNT,IS_DELETED,ARTICLE_PASSWORD) values ('test','2023042617373903',0,0,'테스트 게시물 #11','SYSTEM',to_date('23/04/26','RR/MM/DD'),0,'0','1234');
Insert into BBS.BBSARTICLE (BBS_ID,ARTICLE_ID,REPLY_ID,ARTICLE_TYPE,TITLE,WRITER,WRITTEN_TIME,READ_COUNT,IS_DELETED,ARTICLE_PASSWORD) values ('test','2023042617374025',0,0,'테스트 게시물 #12','SYSTEM',to_date('23/04/26','RR/MM/DD'),0,'0','1234');
Insert into BBS.BBSARTICLE (BBS_ID,ARTICLE_ID,REPLY_ID,ARTICLE_TYPE,TITLE,WRITER,WRITTEN_TIME,READ_COUNT,IS_DELETED,ARTICLE_PASSWORD) values ('test','2023042617374267',0,0,'테스트 게시물 #15','SYSTEM',to_date('23/04/26','RR/MM/DD'),0,'0','1234');
Insert into BBS.BBSARTICLE (BBS_ID,ARTICLE_ID,REPLY_ID,ARTICLE_TYPE,TITLE,WRITER,WRITTEN_TIME,READ_COUNT,IS_DELETED,ARTICLE_PASSWORD) values ('test','2023042617374265',0,0,'테스트 게시물 #16','SYSTEM',to_date('23/04/26','RR/MM/DD'),0,'0','1234');
Insert into BBS.BBSARTICLE (BBS_ID,ARTICLE_ID,REPLY_ID,ARTICLE_TYPE,TITLE,WRITER,WRITTEN_TIME,READ_COUNT,IS_DELETED,ARTICLE_PASSWORD) values ('test','2023042617374328',0,0,'테스트 게시물 #17','SYSTEM',to_date('23/04/26','RR/MM/DD'),0,'0','1234');
Insert into BBS.BBSARTICLE (BBS_ID,ARTICLE_ID,REPLY_ID,ARTICLE_TYPE,TITLE,WRITER,WRITTEN_TIME,READ_COUNT,IS_DELETED,ARTICLE_PASSWORD) values ('test','2023042617374361',0,0,'테스트 게시물 #18','SYSTEM',to_date('23/04/26','RR/MM/DD'),0,'0','1234');
Insert into BBS.BBSARTICLE (BBS_ID,ARTICLE_ID,REPLY_ID,ARTICLE_TYPE,TITLE,WRITER,WRITTEN_TIME,READ_COUNT,IS_DELETED,ARTICLE_PASSWORD) values ('test','2023042617374470',0,0,'테스트 게시물 #19','SYSTEM',to_date('23/04/26','RR/MM/DD'),0,'0','1234');
Insert into BBS.BBSARTICLE (BBS_ID,ARTICLE_ID,REPLY_ID,ARTICLE_TYPE,TITLE,WRITER,WRITTEN_TIME,READ_COUNT,IS_DELETED,ARTICLE_PASSWORD) values ('test','2023042617374469',0,0,'테스트 게시물 #20','SYSTEM',to_date('23/04/26','RR/MM/DD'),0,'0','1234');
Insert into BBS.BBSARTICLE (BBS_ID,ARTICLE_ID,REPLY_ID,ARTICLE_TYPE,TITLE,WRITER,WRITTEN_TIME,READ_COUNT,IS_DELETED,ARTICLE_PASSWORD) values ('test','2023042617374594',0,0,'테스트 게시물 #21','SYSTEM',to_date('23/04/26','RR/MM/DD'),0,'0','1234');
Insert into BBS.BBSARTICLE (BBS_ID,ARTICLE_ID,REPLY_ID,ARTICLE_TYPE,TITLE,WRITER,WRITTEN_TIME,READ_COUNT,IS_DELETED,ARTICLE_PASSWORD) values ('test','2023042617374510',0,0,'테스트 게시물 #22','SYSTEM',to_date('23/04/26','RR/MM/DD'),0,'0','1234');
Insert into BBS.BBSARTICLE (BBS_ID,ARTICLE_ID,REPLY_ID,ARTICLE_TYPE,TITLE,WRITER,WRITTEN_TIME,READ_COUNT,IS_DELETED,ARTICLE_PASSWORD) values ('test','2023042617374616',0,0,'테스트 게시물 #23','SYSTEM',to_date('23/04/26','RR/MM/DD'),0,'0','1234');
Insert into BBS.BBSARTICLE (BBS_ID,ARTICLE_ID,REPLY_ID,ARTICLE_TYPE,TITLE,WRITER,WRITTEN_TIME,READ_COUNT,IS_DELETED,ARTICLE_PASSWORD) values ('test','2023042617374638',0,0,'테스트 게시물 #24','SYSTEM',to_date('23/04/26','RR/MM/DD'),0,'0','1234');
Insert into BBS.BBSARTICLE (BBS_ID,ARTICLE_ID,REPLY_ID,ARTICLE_TYPE,TITLE,WRITER,WRITTEN_TIME,READ_COUNT,IS_DELETED,ARTICLE_PASSWORD) values ('test','2023042617374779',0,0,'테스트 게시물 #25','SYSTEM',to_date('23/04/26','RR/MM/DD'),0,'0','1234');
Insert into BBS.BBSARTICLE (BBS_ID,ARTICLE_ID,REPLY_ID,ARTICLE_TYPE,TITLE,WRITER,WRITTEN_TIME,READ_COUNT,IS_DELETED,ARTICLE_PASSWORD) values ('test','2023042617374717',0,0,'테스트 게시물 #26','SYSTEM',to_date('23/04/26','RR/MM/DD'),0,'0','1234');
Insert into BBS.BBSARTICLE (BBS_ID,ARTICLE_ID,REPLY_ID,ARTICLE_TYPE,TITLE,WRITER,WRITTEN_TIME,READ_COUNT,IS_DELETED,ARTICLE_PASSWORD) values ('test','2023042617374878',0,0,'테스트 게시물 #27','SYSTEM',to_date('23/04/26','RR/MM/DD'),0,'0','1234');
Insert into BBS.BBSARTICLE (BBS_ID,ARTICLE_ID,REPLY_ID,ARTICLE_TYPE,TITLE,WRITER,WRITTEN_TIME,READ_COUNT,IS_DELETED,ARTICLE_PASSWORD) values ('test','2023042617374831',0,0,'테스트 게시물 #28','SYSTEM',to_date('23/04/26','RR/MM/DD'),0,'0','1234');
Insert into BBS.BBSARTICLE (BBS_ID,ARTICLE_ID,REPLY_ID,ARTICLE_TYPE,TITLE,WRITER,WRITTEN_TIME,READ_COUNT,IS_DELETED,ARTICLE_PASSWORD) values ('test','2023042617374981',0,0,'테스트 게시물 #29','SYSTEM',to_date('23/04/26','RR/MM/DD'),0,'0','1234');
Insert into BBS.BBSARTICLE (BBS_ID,ARTICLE_ID,REPLY_ID,ARTICLE_TYPE,TITLE,WRITER,WRITTEN_TIME,READ_COUNT,IS_DELETED,ARTICLE_PASSWORD) values ('test','2023042617375087',0,0,'테스트 게시물 #30','SYSTEM',to_date('23/04/26','RR/MM/DD'),0,'0','1234');
Insert into BBS.BBSARTICLE (BBS_ID,ARTICLE_ID,REPLY_ID,ARTICLE_TYPE,TITLE,WRITER,WRITTEN_TIME,READ_COUNT,IS_DELETED,ARTICLE_PASSWORD) values ('test','2023042617375055',0,0,'테스트 게시물 #31','SYSTEM',to_date('23/04/26','RR/MM/DD'),0,'0','1234');
Insert into BBS.BBSARTICLE (BBS_ID,ARTICLE_ID,REPLY_ID,ARTICLE_TYPE,TITLE,WRITER,WRITTEN_TIME,READ_COUNT,IS_DELETED,ARTICLE_PASSWORD) values ('test','2023042617375171',0,0,'테스트 게시물 #32','SYSTEM',to_date('23/04/26','RR/MM/DD'),0,'0','1234');
Insert into BBS.BBSARTICLE (BBS_ID,ARTICLE_ID,REPLY_ID,ARTICLE_TYPE,TITLE,WRITER,WRITTEN_TIME,READ_COUNT,IS_DELETED,ARTICLE_PASSWORD) values ('test','2023042617375169',0,0,'테스트 게시물 #33','SYSTEM',to_date('23/04/26','RR/MM/DD'),0,'0','1234');
Insert into BBS.BBSARTICLE (BBS_ID,ARTICLE_ID,REPLY_ID,ARTICLE_TYPE,TITLE,WRITER,WRITTEN_TIME,READ_COUNT,IS_DELETED,ARTICLE_PASSWORD) values ('test','2023042617375202',0,0,'테스트 게시물 #34','SYSTEM',to_date('23/04/26','RR/MM/DD'),0,'0','1234');
Insert into BBS.BBSARTICLE (BBS_ID,ARTICLE_ID,REPLY_ID,ARTICLE_TYPE,TITLE,WRITER,WRITTEN_TIME,READ_COUNT,IS_DELETED,ARTICLE_PASSWORD) values ('test','2023042617375298',0,0,'테스트 게시물 #35','SYSTEM',to_date('23/04/26','RR/MM/DD'),0,'0','1234');
Insert into BBS.BBSARTICLE (BBS_ID,ARTICLE_ID,REPLY_ID,ARTICLE_TYPE,TITLE,WRITER,WRITTEN_TIME,READ_COUNT,IS_DELETED,ARTICLE_PASSWORD) values ('test','2023042617375380',0,0,'테스트 게시물 #36','SYSTEM',to_date('23/04/26','RR/MM/DD'),0,'0','1234');
Insert into BBS.BBSARTICLE (BBS_ID,ARTICLE_ID,REPLY_ID,ARTICLE_TYPE,TITLE,WRITER,WRITTEN_TIME,READ_COUNT,IS_DELETED,ARTICLE_PASSWORD) values ('test','2023042617375385',0,0,'테스트 게시물 #37','SYSTEM',to_date('23/04/26','RR/MM/DD'),0,'0','1234');
Insert into BBS.BBSARTICLE (BBS_ID,ARTICLE_ID,REPLY_ID,ARTICLE_TYPE,TITLE,WRITER,WRITTEN_TIME,READ_COUNT,IS_DELETED,ARTICLE_PASSWORD) values ('test','2023042617375407',0,0,'테스트 게시물 #38','SYSTEM',to_date('23/04/26','RR/MM/DD'),0,'0','1234');
Insert into BBS.BBSARTICLE (BBS_ID,ARTICLE_ID,REPLY_ID,ARTICLE_TYPE,TITLE,WRITER,WRITTEN_TIME,READ_COUNT,IS_DELETED,ARTICLE_PASSWORD) values ('test','2023042617375451',0,0,'테스트 게시물 #39','SYSTEM',to_date('23/04/26','RR/MM/DD'),0,'0','1234');
Insert into BBS.BBSARTICLE (BBS_ID,ARTICLE_ID,REPLY_ID,ARTICLE_TYPE,TITLE,WRITER,WRITTEN_TIME,READ_COUNT,IS_DELETED,ARTICLE_PASSWORD) values ('test','2023042617375552',0,0,'테스트 게시물 #40','SYSTEM',to_date('23/04/26','RR/MM/DD'),0,'0','1234');
Insert into BBS.BBSARTICLE (BBS_ID,ARTICLE_ID,REPLY_ID,ARTICLE_TYPE,TITLE,WRITER,WRITTEN_TIME,READ_COUNT,IS_DELETED,ARTICLE_PASSWORD) values ('test','2023042617375527',0,0,'테스트 게시물 #41','SYSTEM',to_date('23/04/26','RR/MM/DD'),0,'0','1234');
Insert into BBS.BBSARTICLE (BBS_ID,ARTICLE_ID,REPLY_ID,ARTICLE_TYPE,TITLE,WRITER,WRITTEN_TIME,READ_COUNT,IS_DELETED,ARTICLE_PASSWORD) values ('test','2023042617375698',0,0,'테스트 게시물 #42','SYSTEM',to_date('23/04/26','RR/MM/DD'),0,'0','1234');
Insert into BBS.BBSARTICLE (BBS_ID,ARTICLE_ID,REPLY_ID,ARTICLE_TYPE,TITLE,WRITER,WRITTEN_TIME,READ_COUNT,IS_DELETED,ARTICLE_PASSWORD) values ('test','2023042617375668',0,0,'테스트 게시물 #43','SYSTEM',to_date('23/04/26','RR/MM/DD'),0,'0','1234');
Insert into BBS.BBSARTICLE (BBS_ID,ARTICLE_ID,REPLY_ID,ARTICLE_TYPE,TITLE,WRITER,WRITTEN_TIME,READ_COUNT,IS_DELETED,ARTICLE_PASSWORD) values ('test','2023042617375738',0,0,'테스트 게시물 #44','SYSTEM',to_date('23/04/26','RR/MM/DD'),0,'0','1234');
Insert into BBS.BBSARTICLE (BBS_ID,ARTICLE_ID,REPLY_ID,ARTICLE_TYPE,TITLE,WRITER,WRITTEN_TIME,READ_COUNT,IS_DELETED,ARTICLE_PASSWORD) values ('test','2023042617375843',0,0,'테스트 게시물 #45','SYSTEM',to_date('23/04/26','RR/MM/DD'),0,'0','1234');
Insert into BBS.BBSARTICLE (BBS_ID,ARTICLE_ID,REPLY_ID,ARTICLE_TYPE,TITLE,WRITER,WRITTEN_TIME,READ_COUNT,IS_DELETED,ARTICLE_PASSWORD) values ('test','2023042617375867',0,0,'테스트 게시물 #46','SYSTEM',to_date('23/04/26','RR/MM/DD'),0,'0','1234');
Insert into BBS.BBSARTICLE (BBS_ID,ARTICLE_ID,REPLY_ID,ARTICLE_TYPE,TITLE,WRITER,WRITTEN_TIME,READ_COUNT,IS_DELETED,ARTICLE_PASSWORD) values ('test','2023042617375967',0,0,'테스트 게시물 #47','SYSTEM',to_date('23/04/26','RR/MM/DD'),0,'0','1234');
Insert into BBS.BBSARTICLE (BBS_ID,ARTICLE_ID,REPLY_ID,ARTICLE_TYPE,TITLE,WRITER,WRITTEN_TIME,READ_COUNT,IS_DELETED,ARTICLE_PASSWORD) values ('test','2023042617375947',0,0,'테스트 게시물 #48','SYSTEM',to_date('23/04/26','RR/MM/DD'),0,'0','1234');
Insert into BBS.BBSARTICLE (BBS_ID,ARTICLE_ID,REPLY_ID,ARTICLE_TYPE,TITLE,WRITER,WRITTEN_TIME,READ_COUNT,IS_DELETED,ARTICLE_PASSWORD) values ('test','2023042617380024',0,0,'테스트 게시물 #49','SYSTEM',to_date('23/04/26','RR/MM/DD'),0,'0','1234');
Insert into BBS.BBSARTICLE (BBS_ID,ARTICLE_ID,REPLY_ID,ARTICLE_TYPE,TITLE,WRITER,WRITTEN_TIME,READ_COUNT,IS_DELETED,ARTICLE_PASSWORD) values ('test','2023042617380035',0,0,'테스트 게시물 #50','SYSTEM',to_date('23/04/26','RR/MM/DD'),0,'0','1234');
Insert into BBS.BBSARTICLE (BBS_ID,ARTICLE_ID,REPLY_ID,ARTICLE_TYPE,TITLE,WRITER,WRITTEN_TIME,READ_COUNT,IS_DELETED,ARTICLE_PASSWORD) values ('test','2023042617380152',0,0,'테스트 게시물 #51','SYSTEM',to_date('23/04/26','RR/MM/DD'),0,'0','1234');
Insert into BBS.BBSARTICLE (BBS_ID,ARTICLE_ID,REPLY_ID,ARTICLE_TYPE,TITLE,WRITER,WRITTEN_TIME,READ_COUNT,IS_DELETED,ARTICLE_PASSWORD) values ('test','2023042617380117',0,0,'테스트 게시물 #52','SYSTEM',to_date('23/04/26','RR/MM/DD'),0,'0','1234');
Insert into BBS.BBSARTICLE (BBS_ID,ARTICLE_ID,REPLY_ID,ARTICLE_TYPE,TITLE,WRITER,WRITTEN_TIME,READ_COUNT,IS_DELETED,ARTICLE_PASSWORD) values ('test','2023042617380234',0,0,'테스트 게시물 #53','SYSTEM',to_date('23/04/26','RR/MM/DD'),0,'0','1234');
Insert into BBS.BBSARTICLE (BBS_ID,ARTICLE_ID,REPLY_ID,ARTICLE_TYPE,TITLE,WRITER,WRITTEN_TIME,READ_COUNT,IS_DELETED,ARTICLE_PASSWORD) values ('test','2023042617380268',0,0,'테스트 게시물 #54','SYSTEM',to_date('23/04/26','RR/MM/DD'),0,'0','1234');
Insert into BBS.BBSARTICLE (BBS_ID,ARTICLE_ID,REPLY_ID,ARTICLE_TYPE,TITLE,WRITER,WRITTEN_TIME,READ_COUNT,IS_DELETED,ARTICLE_PASSWORD) values ('test','2023042617380339',0,0,'테스트 게시물 #55','SYSTEM',to_date('23/04/26','RR/MM/DD'),0,'0','1234');
Insert into BBS.BBSARTICLE (BBS_ID,ARTICLE_ID,REPLY_ID,ARTICLE_TYPE,TITLE,WRITER,WRITTEN_TIME,READ_COUNT,IS_DELETED,ARTICLE_PASSWORD) values ('test','2023042617380316',0,0,'테스트 게시물 #56','SYSTEM',to_date('23/04/26','RR/MM/DD'),0,'0','1234');
Insert into BBS.BBSARTICLE (BBS_ID,ARTICLE_ID,REPLY_ID,ARTICLE_TYPE,TITLE,WRITER,WRITTEN_TIME,READ_COUNT,IS_DELETED,ARTICLE_PASSWORD) values ('test','2023042617380494',0,0,'테스트 게시물 #57','SYSTEM',to_date('23/04/26','RR/MM/DD'),0,'0','1234');
Insert into BBS.BBSARTICLE (BBS_ID,ARTICLE_ID,REPLY_ID,ARTICLE_TYPE,TITLE,WRITER,WRITTEN_TIME,READ_COUNT,IS_DELETED,ARTICLE_PASSWORD) values ('test','2023042617380509',0,0,'테스트 게시물 #58','SYSTEM',to_date('23/04/26','RR/MM/DD'),0,'0','1234');
Insert into BBS.BBSARTICLE (BBS_ID,ARTICLE_ID,REPLY_ID,ARTICLE_TYPE,TITLE,WRITER,WRITTEN_TIME,READ_COUNT,IS_DELETED,ARTICLE_PASSWORD) values ('test','2023042617380596',0,0,'테스트 게시물 #59','SYSTEM',to_date('23/04/26','RR/MM/DD'),0,'0','1234');
Insert into BBS.BBSARTICLE (BBS_ID,ARTICLE_ID,REPLY_ID,ARTICLE_TYPE,TITLE,WRITER,WRITTEN_TIME,READ_COUNT,IS_DELETED,ARTICLE_PASSWORD) values ('test','2023042617380648',0,0,'테스트 게시물 #60','SYSTEM',to_date('23/04/26','RR/MM/DD'),0,'0','1234');
Insert into BBS.BBSARTICLE (BBS_ID,ARTICLE_ID,REPLY_ID,ARTICLE_TYPE,TITLE,WRITER,WRITTEN_TIME,READ_COUNT,IS_DELETED,ARTICLE_PASSWORD) values ('test','2023042617380663',0,0,'테스트 게시물 #61','SYSTEM',to_date('23/04/26','RR/MM/DD'),0,'0','1234');
Insert into BBS.BBSARTICLE (BBS_ID,ARTICLE_ID,REPLY_ID,ARTICLE_TYPE,TITLE,WRITER,WRITTEN_TIME,READ_COUNT,IS_DELETED,ARTICLE_PASSWORD) values ('test','2023042617380705',0,0,'테스트 게시물 #62','SYSTEM',to_date('23/04/26','RR/MM/DD'),0,'0','1234');
Insert into BBS.BBSARTICLE (BBS_ID,ARTICLE_ID,REPLY_ID,ARTICLE_TYPE,TITLE,WRITER,WRITTEN_TIME,READ_COUNT,IS_DELETED,ARTICLE_PASSWORD) values ('test','2023042617380712',0,0,'테스트 게시물 #63','SYSTEM',to_date('23/04/26','RR/MM/DD'),0,'0','1234');
Insert into BBS.BBSARTICLE (BBS_ID,ARTICLE_ID,REPLY_ID,ARTICLE_TYPE,TITLE,WRITER,WRITTEN_TIME,READ_COUNT,IS_DELETED,ARTICLE_PASSWORD) values ('test','2023042617374032',0,0,'테스트 게시물 #13','SYSTEM',to_date('23/04/26','RR/MM/DD'),0,'0','1234');
Insert into BBS.BBSARTICLE (BBS_ID,ARTICLE_ID,REPLY_ID,ARTICLE_TYPE,TITLE,WRITER,WRITTEN_TIME,READ_COUNT,IS_DELETED,ARTICLE_PASSWORD) values ('test','2023042617374197',0,0,'테스트 게시물 #14','SYSTEM',to_date('23/04/26','RR/MM/DD'),0,'0','1234');
Insert into BBS.BBSARTICLE (BBS_ID,ARTICLE_ID,REPLY_ID,ARTICLE_TYPE,TITLE,WRITER,WRITTEN_TIME,READ_COUNT,IS_DELETED,ARTICLE_PASSWORD) values ('test','2023042617380822',0,0,'테스트 게시물 #64','SYSTEM',to_date('23/04/26','RR/MM/DD'),0,'0','1234');
Insert into BBS.BBSARTICLE (BBS_ID,ARTICLE_ID,REPLY_ID,ARTICLE_TYPE,TITLE,WRITER,WRITTEN_TIME,READ_COUNT,IS_DELETED,ARTICLE_PASSWORD) values ('test','2023042617380809',0,0,'테스트 게시물 #65','SYSTEM',to_date('23/04/26','RR/MM/DD'),0,'0','1234');
Insert into BBS.BBSARTICLE (BBS_ID,ARTICLE_ID,REPLY_ID,ARTICLE_TYPE,TITLE,WRITER,WRITTEN_TIME,READ_COUNT,IS_DELETED,ARTICLE_PASSWORD) values ('test','2023042617380931',0,0,'테스트 게시물 #66','SYSTEM',to_date('23/04/26','RR/MM/DD'),0,'0','1234');
Insert into BBS.BBSARTICLE (BBS_ID,ARTICLE_ID,REPLY_ID,ARTICLE_TYPE,TITLE,WRITER,WRITTEN_TIME,READ_COUNT,IS_DELETED,ARTICLE_PASSWORD) values ('test','2023042617380954',0,0,'테스트 게시물 #67','SYSTEM',to_date('23/04/26','RR/MM/DD'),0,'0','1234');
Insert into BBS.BBSARTICLE (BBS_ID,ARTICLE_ID,REPLY_ID,ARTICLE_TYPE,TITLE,WRITER,WRITTEN_TIME,READ_COUNT,IS_DELETED,ARTICLE_PASSWORD) values ('test','2023042617381031',0,0,'테스트 게시물 #68','SYSTEM',to_date('23/04/26','RR/MM/DD'),0,'0','1234');
Insert into BBS.BBSARTICLE (BBS_ID,ARTICLE_ID,REPLY_ID,ARTICLE_TYPE,TITLE,WRITER,WRITTEN_TIME,READ_COUNT,IS_DELETED,ARTICLE_PASSWORD) values ('test','2023042617381098',0,0,'테스트 게시물 #69','SYSTEM',to_date('23/04/26','RR/MM/DD'),0,'0','1234');
Insert into BBS.BBSARTICLE (BBS_ID,ARTICLE_ID,REPLY_ID,ARTICLE_TYPE,TITLE,WRITER,WRITTEN_TIME,READ_COUNT,IS_DELETED,ARTICLE_PASSWORD) values ('test','2023042617381186',0,0,'테스트 게시물 #70','SYSTEM',to_date('23/04/26','RR/MM/DD'),0,'0','1234');
Insert into BBS.BBSARTICLE (BBS_ID,ARTICLE_ID,REPLY_ID,ARTICLE_TYPE,TITLE,WRITER,WRITTEN_TIME,READ_COUNT,IS_DELETED,ARTICLE_PASSWORD) values ('test','2023042617381179',0,0,'테스트 게시물 #71','SYSTEM',to_date('23/04/26','RR/MM/DD'),0,'0','1234');
Insert into BBS.BBSARTICLE (BBS_ID,ARTICLE_ID,REPLY_ID,ARTICLE_TYPE,TITLE,WRITER,WRITTEN_TIME,READ_COUNT,IS_DELETED,ARTICLE_PASSWORD) values ('test','2023042617381222',0,0,'테스트 게시물 #72','SYSTEM',to_date('23/04/26','RR/MM/DD'),0,'0','1234');
Insert into BBS.BBSARTICLE (BBS_ID,ARTICLE_ID,REPLY_ID,ARTICLE_TYPE,TITLE,WRITER,WRITTEN_TIME,READ_COUNT,IS_DELETED,ARTICLE_PASSWORD) values ('test','2023042617381310',0,0,'테스트 게시물 #73','SYSTEM',to_date('23/04/26','RR/MM/DD'),0,'0','1234');
Insert into BBS.BBSARTICLE (BBS_ID,ARTICLE_ID,REPLY_ID,ARTICLE_TYPE,TITLE,WRITER,WRITTEN_TIME,READ_COUNT,IS_DELETED,ARTICLE_PASSWORD) values ('test','2023042617381318',0,0,'테스트 게시물 #74','SYSTEM',to_date('23/04/26','RR/MM/DD'),0,'0','1234');
Insert into BBS.BBSARTICLE (BBS_ID,ARTICLE_ID,REPLY_ID,ARTICLE_TYPE,TITLE,WRITER,WRITTEN_TIME,READ_COUNT,IS_DELETED,ARTICLE_PASSWORD) values ('test','2023042617381443',0,0,'테스트 게시물 #75','SYSTEM',to_date('23/04/26','RR/MM/DD'),0,'0','1234');
Insert into BBS.BBSARTICLE (BBS_ID,ARTICLE_ID,REPLY_ID,ARTICLE_TYPE,TITLE,WRITER,WRITTEN_TIME,READ_COUNT,IS_DELETED,ARTICLE_PASSWORD) values ('test','2023042617381494',0,0,'테스트 게시물 #76','SYSTEM',to_date('23/04/26','RR/MM/DD'),0,'0','1234');
Insert into BBS.BBSARTICLE (BBS_ID,ARTICLE_ID,REPLY_ID,ARTICLE_TYPE,TITLE,WRITER,WRITTEN_TIME,READ_COUNT,IS_DELETED,ARTICLE_PASSWORD) values ('test','2023042617381540',0,0,'테스트 게시물 #77','SYSTEM',to_date('23/04/26','RR/MM/DD'),1,'0','1234');
Insert into BBS.BBSARTICLE (BBS_ID,ARTICLE_ID,REPLY_ID,ARTICLE_TYPE,TITLE,WRITER,WRITTEN_TIME,READ_COUNT,IS_DELETED,ARTICLE_PASSWORD) values ('test','2023042615375725',0,0,'테스트 게시물 #1','SYSTEM',to_date('23/04/26','RR/MM/DD'),0,'0','1234');
Insert into BBS.BBSARTICLE (BBS_ID,ARTICLE_ID,REPLY_ID,ARTICLE_TYPE,TITLE,WRITER,WRITTEN_TIME,READ_COUNT,IS_DELETED,ARTICLE_PASSWORD) values ('test','2023042615375811',0,0,'테스트 게시물 #2','SYSTEM',to_date('23/04/26','RR/MM/DD'),0,'0','1234');
Insert into BBS.BBSARTICLE (BBS_ID,ARTICLE_ID,REPLY_ID,ARTICLE_TYPE,TITLE,WRITER,WRITTEN_TIME,READ_COUNT,IS_DELETED,ARTICLE_PASSWORD) values ('test','2023042615375846',0,0,'테스트 게시물 #3','SYSTEM',to_date('23/04/26','RR/MM/DD'),0,'0','1234');
Insert into BBS.BBSARTICLE (BBS_ID,ARTICLE_ID,REPLY_ID,ARTICLE_TYPE,TITLE,WRITER,WRITTEN_TIME,READ_COUNT,IS_DELETED,ARTICLE_PASSWORD) values ('test','2023042615375976',0,0,'테스트 게시물 #4','SYSTEM',to_date('23/04/26','RR/MM/DD'),0,'0','1234');
Insert into BBS.BBSARTICLE (BBS_ID,ARTICLE_ID,REPLY_ID,ARTICLE_TYPE,TITLE,WRITER,WRITTEN_TIME,READ_COUNT,IS_DELETED,ARTICLE_PASSWORD) values ('test','2023042615375965',0,0,'테스트 게시물 #5','SYSTEM',to_date('23/04/26','RR/MM/DD'),0,'0','1234');
Insert into BBS.BBSARTICLE (BBS_ID,ARTICLE_ID,REPLY_ID,ARTICLE_TYPE,TITLE,WRITER,WRITTEN_TIME,READ_COUNT,IS_DELETED,ARTICLE_PASSWORD) values ('test','2023042615380043',0,0,'테스트 게시물 #6','SYSTEM',to_date('23/04/26','RR/MM/DD'),0,'0','1234');
Insert into BBS.BBSARTICLE (BBS_ID,ARTICLE_ID,REPLY_ID,ARTICLE_TYPE,TITLE,WRITER,WRITTEN_TIME,READ_COUNT,IS_DELETED,ARTICLE_PASSWORD) values ('test','2023042615380035',0,0,'테스트 게시물 #7','SYSTEM',to_date('23/04/26','RR/MM/DD'),0,'0','1234');
Insert into BBS.BBSARTICLE (BBS_ID,ARTICLE_ID,REPLY_ID,ARTICLE_TYPE,TITLE,WRITER,WRITTEN_TIME,READ_COUNT,IS_DELETED,ARTICLE_PASSWORD) values ('test','2023042615380193',0,0,'테스트 게시물 #8','SYSTEM',to_date('23/04/26','RR/MM/DD'),0,'0','1234');
Insert into BBS.BBSARTICLE (BBS_ID,ARTICLE_ID,REPLY_ID,ARTICLE_TYPE,TITLE,WRITER,WRITTEN_TIME,READ_COUNT,IS_DELETED,ARTICLE_PASSWORD) values ('test','2023042615380110',0,0,'테스트 게시물 #9','SYSTEM',to_date('23/04/26','RR/MM/DD'),0,'0','1234');
Insert into BBS.BBSARTICLE (BBS_ID,ARTICLE_ID,REPLY_ID,ARTICLE_TYPE,TITLE,WRITER,WRITTEN_TIME,READ_COUNT,IS_DELETED,ARTICLE_PASSWORD) values ('test','2023042615380263',0,0,'테스트 게시물 #10','SYSTEM',to_date('23/04/26','RR/MM/DD'),0,'0','1234');
Insert into BBS.BBSARTICLE (BBS_ID,ARTICLE_ID,REPLY_ID,ARTICLE_TYPE,TITLE,WRITER,WRITTEN_TIME,READ_COUNT,IS_DELETED,ARTICLE_PASSWORD) values ('test','2023042615380203',0,0,'테스트 게시물 #11','SYSTEM',to_date('23/04/26','RR/MM/DD'),0,'0','1234');
Insert into BBS.BBSARTICLE (BBS_ID,ARTICLE_ID,REPLY_ID,ARTICLE_TYPE,TITLE,WRITER,WRITTEN_TIME,READ_COUNT,IS_DELETED,ARTICLE_PASSWORD) values ('test','2023042615380325',0,0,'테스트 게시물 #12','SYSTEM',to_date('23/04/26','RR/MM/DD'),0,'0','1234');
Insert into BBS.BBSARTICLE (BBS_ID,ARTICLE_ID,REPLY_ID,ARTICLE_TYPE,TITLE,WRITER,WRITTEN_TIME,READ_COUNT,IS_DELETED,ARTICLE_PASSWORD) values ('test','2023042615380432',0,0,'테스트 게시물 #13','SYSTEM',to_date('23/04/26','RR/MM/DD'),0,'0','1234');
Insert into BBS.BBSARTICLE (BBS_ID,ARTICLE_ID,REPLY_ID,ARTICLE_TYPE,TITLE,WRITER,WRITTEN_TIME,READ_COUNT,IS_DELETED,ARTICLE_PASSWORD) values ('test','2023042615380497',0,0,'테스트 게시물 #14','SYSTEM',to_date('23/04/26','RR/MM/DD'),0,'0','1234');
Insert into BBS.BBSARTICLE (BBS_ID,ARTICLE_ID,REPLY_ID,ARTICLE_TYPE,TITLE,WRITER,WRITTEN_TIME,READ_COUNT,IS_DELETED,ARTICLE_PASSWORD) values ('test','2023042615380567',0,0,'테스트 게시물 #15','SYSTEM',to_date('23/04/26','RR/MM/DD'),0,'0','1234');
Insert into BBS.BBSARTICLE (BBS_ID,ARTICLE_ID,REPLY_ID,ARTICLE_TYPE,TITLE,WRITER,WRITTEN_TIME,READ_COUNT,IS_DELETED,ARTICLE_PASSWORD) values ('test2','2023042614205384',0,0,'테스트 수정본','GUEST',to_date('23/04/26','RR/MM/DD'),13,'0','1234');
Insert into BBS.BBSARTICLE (BBS_ID,ARTICLE_ID,REPLY_ID,ARTICLE_TYPE,TITLE,WRITER,WRITTEN_TIME,READ_COUNT,IS_DELETED,ARTICLE_PASSWORD) values ('test','2023042615380565',0,0,'테스트 게시물 #16','SYSTEM',to_date('23/04/26','RR/MM/DD'),0,'0','1234');
Insert into BBS.BBSARTICLE (BBS_ID,ARTICLE_ID,REPLY_ID,ARTICLE_TYPE,TITLE,WRITER,WRITTEN_TIME,READ_COUNT,IS_DELETED,ARTICLE_PASSWORD) values ('test','2023042615380628',0,0,'테스트 게시물 #17','SYSTEM',to_date('23/04/26','RR/MM/DD'),0,'0','1234');
Insert into BBS.BBSARTICLE (BBS_ID,ARTICLE_ID,REPLY_ID,ARTICLE_TYPE,TITLE,WRITER,WRITTEN_TIME,READ_COUNT,IS_DELETED,ARTICLE_PASSWORD) values ('test','2023042615380661',0,0,'테스트 게시물 #18','SYSTEM',to_date('23/04/26','RR/MM/DD'),0,'0','1234');
Insert into BBS.BBSARTICLE (BBS_ID,ARTICLE_ID,REPLY_ID,ARTICLE_TYPE,TITLE,WRITER,WRITTEN_TIME,READ_COUNT,IS_DELETED,ARTICLE_PASSWORD) values ('test','2023042615380770',0,0,'테스트 게시물 #19','SYSTEM',to_date('23/04/26','RR/MM/DD'),1,'0','1234');
Insert into BBS.BBSARTICLE (BBS_ID,ARTICLE_ID,REPLY_ID,ARTICLE_TYPE,TITLE,WRITER,WRITTEN_TIME,READ_COUNT,IS_DELETED,ARTICLE_PASSWORD) values ('test','2023042615380769',0,0,'테스트 게시물 #20','SYSTEM',to_date('23/04/26','RR/MM/DD'),0,'0','1234');
Insert into BBS.BBSARTICLE (BBS_ID,ARTICLE_ID,REPLY_ID,ARTICLE_TYPE,TITLE,WRITER,WRITTEN_TIME,READ_COUNT,IS_DELETED,ARTICLE_PASSWORD) values ('test','2023042615380894',0,0,'테스트 게시물 #21','SYSTEM',to_date('23/04/26','RR/MM/DD'),0,'0','1234');
Insert into BBS.BBSARTICLE (BBS_ID,ARTICLE_ID,REPLY_ID,ARTICLE_TYPE,TITLE,WRITER,WRITTEN_TIME,READ_COUNT,IS_DELETED,ARTICLE_PASSWORD) values ('test','2023042615380810',0,0,'테스트 게시물 #22','SYSTEM',to_date('23/04/26','RR/MM/DD'),0,'0','1234');
Insert into BBS.BBSARTICLE (BBS_ID,ARTICLE_ID,REPLY_ID,ARTICLE_TYPE,TITLE,WRITER,WRITTEN_TIME,READ_COUNT,IS_DELETED,ARTICLE_PASSWORD) values ('test','2023042615380916',0,0,'테스트 게시물 #23','SYSTEM',to_date('23/04/26','RR/MM/DD'),0,'0','1234');
Insert into BBS.BBSARTICLE (BBS_ID,ARTICLE_ID,REPLY_ID,ARTICLE_TYPE,TITLE,WRITER,WRITTEN_TIME,READ_COUNT,IS_DELETED,ARTICLE_PASSWORD) values ('test','2023042615380938',0,0,'테스트 게시물 #24','SYSTEM',to_date('23/04/26','RR/MM/DD'),0,'0','1234');
Insert into BBS.BBSARTICLE (BBS_ID,ARTICLE_ID,REPLY_ID,ARTICLE_TYPE,TITLE,WRITER,WRITTEN_TIME,READ_COUNT,IS_DELETED,ARTICLE_PASSWORD) values ('test','2023042615381079',0,0,'테스트 게시물 #25','SYSTEM',to_date('23/04/26','RR/MM/DD'),0,'0','1234');
Insert into BBS.BBSARTICLE (BBS_ID,ARTICLE_ID,REPLY_ID,ARTICLE_TYPE,TITLE,WRITER,WRITTEN_TIME,READ_COUNT,IS_DELETED,ARTICLE_PASSWORD) values ('test','2023042615381017',0,0,'테스트 게시물 #26','SYSTEM',to_date('23/04/26','RR/MM/DD'),0,'0','1234');
Insert into BBS.BBSARTICLE (BBS_ID,ARTICLE_ID,REPLY_ID,ARTICLE_TYPE,TITLE,WRITER,WRITTEN_TIME,READ_COUNT,IS_DELETED,ARTICLE_PASSWORD) values ('test','2023042615381178',0,0,'테스트 게시물 #27','SYSTEM',to_date('23/04/26','RR/MM/DD'),0,'0','1234');
Insert into BBS.BBSARTICLE (BBS_ID,ARTICLE_ID,REPLY_ID,ARTICLE_TYPE,TITLE,WRITER,WRITTEN_TIME,READ_COUNT,IS_DELETED,ARTICLE_PASSWORD) values ('test','2023042615381231',0,0,'테스트 게시물 #28','SYSTEM',to_date('23/04/26','RR/MM/DD'),0,'0','1234');
Insert into BBS.BBSARTICLE (BBS_ID,ARTICLE_ID,REPLY_ID,ARTICLE_TYPE,TITLE,WRITER,WRITTEN_TIME,READ_COUNT,IS_DELETED,ARTICLE_PASSWORD) values ('test','2023042615381281',0,0,'테스트 게시물 #29','SYSTEM',to_date('23/04/26','RR/MM/DD'),0,'0','1234');
Insert into BBS.BBSARTICLE (BBS_ID,ARTICLE_ID,REPLY_ID,ARTICLE_TYPE,TITLE,WRITER,WRITTEN_TIME,READ_COUNT,IS_DELETED,ARTICLE_PASSWORD) values ('test','2023042615381387',0,0,'테스트 게시물 #30','SYSTEM',to_date('23/04/26','RR/MM/DD'),0,'0','1234');
Insert into BBS.BBSARTICLE (BBS_ID,ARTICLE_ID,REPLY_ID,ARTICLE_TYPE,TITLE,WRITER,WRITTEN_TIME,READ_COUNT,IS_DELETED,ARTICLE_PASSWORD) values ('test','2023042615381355',0,0,'테스트 게시물 #31','SYSTEM',to_date('23/04/26','RR/MM/DD'),0,'0','1234');
Insert into BBS.BBSARTICLE (BBS_ID,ARTICLE_ID,REPLY_ID,ARTICLE_TYPE,TITLE,WRITER,WRITTEN_TIME,READ_COUNT,IS_DELETED,ARTICLE_PASSWORD) values ('test','2023042615381471',0,0,'테스트 게시물 #32','SYSTEM',to_date('23/04/26','RR/MM/DD'),0,'0','1234');
Insert into BBS.BBSARTICLE (BBS_ID,ARTICLE_ID,REPLY_ID,ARTICLE_TYPE,TITLE,WRITER,WRITTEN_TIME,READ_COUNT,IS_DELETED,ARTICLE_PASSWORD) values ('test','2023042615381469',0,0,'테스트 게시물 #33','SYSTEM',to_date('23/04/26','RR/MM/DD'),0,'0','1234');
Insert into BBS.BBSARTICLE (BBS_ID,ARTICLE_ID,REPLY_ID,ARTICLE_TYPE,TITLE,WRITER,WRITTEN_TIME,READ_COUNT,IS_DELETED,ARTICLE_PASSWORD) values ('test','2023042615381502',0,0,'테스트 게시물 #34','SYSTEM',to_date('23/04/26','RR/MM/DD'),0,'0','1234');
Insert into BBS.BBSARTICLE (BBS_ID,ARTICLE_ID,REPLY_ID,ARTICLE_TYPE,TITLE,WRITER,WRITTEN_TIME,READ_COUNT,IS_DELETED,ARTICLE_PASSWORD) values ('test','2023042615381598',0,0,'테스트 게시물 #35','SYSTEM',to_date('23/04/26','RR/MM/DD'),0,'0','1234');
Insert into BBS.BBSARTICLE (BBS_ID,ARTICLE_ID,REPLY_ID,ARTICLE_TYPE,TITLE,WRITER,WRITTEN_TIME,READ_COUNT,IS_DELETED,ARTICLE_PASSWORD) values ('test','2023042615381680',0,0,'테스트 게시물 #36','SYSTEM',to_date('23/04/26','RR/MM/DD'),0,'0','1234');
Insert into BBS.BBSARTICLE (BBS_ID,ARTICLE_ID,REPLY_ID,ARTICLE_TYPE,TITLE,WRITER,WRITTEN_TIME,READ_COUNT,IS_DELETED,ARTICLE_PASSWORD) values ('test','2023042615381685',0,0,'테스트 게시물 #37','SYSTEM',to_date('23/04/26','RR/MM/DD'),0,'0','1234');
Insert into BBS.BBSARTICLE (BBS_ID,ARTICLE_ID,REPLY_ID,ARTICLE_TYPE,TITLE,WRITER,WRITTEN_TIME,READ_COUNT,IS_DELETED,ARTICLE_PASSWORD) values ('test','2023042615381707',0,0,'테스트 게시물 #38','SYSTEM',to_date('23/04/26','RR/MM/DD'),0,'0','1234');
Insert into BBS.BBSARTICLE (BBS_ID,ARTICLE_ID,REPLY_ID,ARTICLE_TYPE,TITLE,WRITER,WRITTEN_TIME,READ_COUNT,IS_DELETED,ARTICLE_PASSWORD) values ('test','2023042615381751',0,0,'테스트 게시물 #39','SYSTEM',to_date('23/04/26','RR/MM/DD'),0,'0','1234');
Insert into BBS.BBSARTICLE (BBS_ID,ARTICLE_ID,REPLY_ID,ARTICLE_TYPE,TITLE,WRITER,WRITTEN_TIME,READ_COUNT,IS_DELETED,ARTICLE_PASSWORD) values ('test','2023042615381852',0,0,'테스트 게시물 #40','SYSTEM',to_date('23/04/26','RR/MM/DD'),0,'0','1234');
Insert into BBS.BBSARTICLE (BBS_ID,ARTICLE_ID,REPLY_ID,ARTICLE_TYPE,TITLE,WRITER,WRITTEN_TIME,READ_COUNT,IS_DELETED,ARTICLE_PASSWORD) values ('test','2023042615381827',0,0,'테스트 게시물 #41','SYSTEM',to_date('23/04/26','RR/MM/DD'),0,'0','1234');
Insert into BBS.BBSARTICLE (BBS_ID,ARTICLE_ID,REPLY_ID,ARTICLE_TYPE,TITLE,WRITER,WRITTEN_TIME,READ_COUNT,IS_DELETED,ARTICLE_PASSWORD) values ('test','2023042615381998',0,0,'테스트 게시물 #42','SYSTEM',to_date('23/04/26','RR/MM/DD'),0,'0','1234');
Insert into BBS.BBSARTICLE (BBS_ID,ARTICLE_ID,REPLY_ID,ARTICLE_TYPE,TITLE,WRITER,WRITTEN_TIME,READ_COUNT,IS_DELETED,ARTICLE_PASSWORD) values ('test','2023042615381968',0,0,'테스트 게시물 #43','SYSTEM',to_date('23/04/26','RR/MM/DD'),0,'0','1234');
Insert into BBS.BBSARTICLE (BBS_ID,ARTICLE_ID,REPLY_ID,ARTICLE_TYPE,TITLE,WRITER,WRITTEN_TIME,READ_COUNT,IS_DELETED,ARTICLE_PASSWORD) values ('test','2023042615382038',0,0,'테스트 게시물 #44','SYSTEM',to_date('23/04/26','RR/MM/DD'),0,'0','1234');
Insert into BBS.BBSARTICLE (BBS_ID,ARTICLE_ID,REPLY_ID,ARTICLE_TYPE,TITLE,WRITER,WRITTEN_TIME,READ_COUNT,IS_DELETED,ARTICLE_PASSWORD) values ('test','2023042615382143',0,0,'테스트 게시물 #45','SYSTEM',to_date('23/04/26','RR/MM/DD'),0,'0','1234');
Insert into BBS.BBSARTICLE (BBS_ID,ARTICLE_ID,REPLY_ID,ARTICLE_TYPE,TITLE,WRITER,WRITTEN_TIME,READ_COUNT,IS_DELETED,ARTICLE_PASSWORD) values ('test','2023042615382167',0,0,'테스트 게시물 #46','SYSTEM',to_date('23/04/26','RR/MM/DD'),0,'0','1234');
Insert into BBS.BBSARTICLE (BBS_ID,ARTICLE_ID,REPLY_ID,ARTICLE_TYPE,TITLE,WRITER,WRITTEN_TIME,READ_COUNT,IS_DELETED,ARTICLE_PASSWORD) values ('test','2023042615382267',0,0,'테스트 게시물 #47','SYSTEM',to_date('23/04/26','RR/MM/DD'),0,'0','1234');
Insert into BBS.BBSARTICLE (BBS_ID,ARTICLE_ID,REPLY_ID,ARTICLE_TYPE,TITLE,WRITER,WRITTEN_TIME,READ_COUNT,IS_DELETED,ARTICLE_PASSWORD) values ('test','2023042615382247',0,0,'테스트 게시물 #48','SYSTEM',to_date('23/04/26','RR/MM/DD'),0,'0','1234');
Insert into BBS.BBSARTICLE (BBS_ID,ARTICLE_ID,REPLY_ID,ARTICLE_TYPE,TITLE,WRITER,WRITTEN_TIME,READ_COUNT,IS_DELETED,ARTICLE_PASSWORD) values ('test','2023042615382324',0,0,'테스트 게시물 #49','SYSTEM',to_date('23/04/26','RR/MM/DD'),0,'0','1234');
Insert into BBS.BBSARTICLE (BBS_ID,ARTICLE_ID,REPLY_ID,ARTICLE_TYPE,TITLE,WRITER,WRITTEN_TIME,READ_COUNT,IS_DELETED,ARTICLE_PASSWORD) values ('test','2023042615382335',0,0,'테스트 게시물 #50','SYSTEM',to_date('23/04/26','RR/MM/DD'),0,'0','1234');
Insert into BBS.BBSARTICLE (BBS_ID,ARTICLE_ID,REPLY_ID,ARTICLE_TYPE,TITLE,WRITER,WRITTEN_TIME,READ_COUNT,IS_DELETED,ARTICLE_PASSWORD) values ('test','2023042615382452',0,0,'테스트 게시물 #51','SYSTEM',to_date('23/04/26','RR/MM/DD'),0,'0','1234');
Insert into BBS.BBSARTICLE (BBS_ID,ARTICLE_ID,REPLY_ID,ARTICLE_TYPE,TITLE,WRITER,WRITTEN_TIME,READ_COUNT,IS_DELETED,ARTICLE_PASSWORD) values ('test','2023042615382417',0,0,'테스트 게시물 #52','SYSTEM',to_date('23/04/26','RR/MM/DD'),0,'0','1234');
Insert into BBS.BBSARTICLE (BBS_ID,ARTICLE_ID,REPLY_ID,ARTICLE_TYPE,TITLE,WRITER,WRITTEN_TIME,READ_COUNT,IS_DELETED,ARTICLE_PASSWORD) values ('test','2023042615382534',0,0,'테스트 게시물 #53','SYSTEM',to_date('23/04/26','RR/MM/DD'),0,'0','1234');
Insert into BBS.BBSARTICLE (BBS_ID,ARTICLE_ID,REPLY_ID,ARTICLE_TYPE,TITLE,WRITER,WRITTEN_TIME,READ_COUNT,IS_DELETED,ARTICLE_PASSWORD) values ('test','2023042615382568',0,0,'테스트 게시물 #54','SYSTEM',to_date('23/04/26','RR/MM/DD'),0,'0','1234');
Insert into BBS.BBSARTICLE (BBS_ID,ARTICLE_ID,REPLY_ID,ARTICLE_TYPE,TITLE,WRITER,WRITTEN_TIME,READ_COUNT,IS_DELETED,ARTICLE_PASSWORD) values ('test','2023042615382639',0,0,'테스트 게시물 #55','SYSTEM',to_date('23/04/26','RR/MM/DD'),0,'0','1234');
Insert into BBS.BBSARTICLE (BBS_ID,ARTICLE_ID,REPLY_ID,ARTICLE_TYPE,TITLE,WRITER,WRITTEN_TIME,READ_COUNT,IS_DELETED,ARTICLE_PASSWORD) values ('test','2023042615382616',0,0,'테스트 게시물 #56','SYSTEM',to_date('23/04/26','RR/MM/DD'),0,'0','1234');
Insert into BBS.BBSARTICLE (BBS_ID,ARTICLE_ID,REPLY_ID,ARTICLE_TYPE,TITLE,WRITER,WRITTEN_TIME,READ_COUNT,IS_DELETED,ARTICLE_PASSWORD) values ('test','2023042615382794',0,0,'테스트 게시물 #57','SYSTEM',to_date('23/04/26','RR/MM/DD'),0,'0','1234');
Insert into BBS.BBSARTICLE (BBS_ID,ARTICLE_ID,REPLY_ID,ARTICLE_TYPE,TITLE,WRITER,WRITTEN_TIME,READ_COUNT,IS_DELETED,ARTICLE_PASSWORD) values ('test','2023042615382809',0,0,'테스트 게시물 #58','SYSTEM',to_date('23/04/26','RR/MM/DD'),0,'0','1234');
Insert into BBS.BBSARTICLE (BBS_ID,ARTICLE_ID,REPLY_ID,ARTICLE_TYPE,TITLE,WRITER,WRITTEN_TIME,READ_COUNT,IS_DELETED,ARTICLE_PASSWORD) values ('test','2023042615382896',0,0,'테스트 게시물 #59','SYSTEM',to_date('23/04/26','RR/MM/DD'),0,'0','1234');
Insert into BBS.BBSARTICLE (BBS_ID,ARTICLE_ID,REPLY_ID,ARTICLE_TYPE,TITLE,WRITER,WRITTEN_TIME,READ_COUNT,IS_DELETED,ARTICLE_PASSWORD) values ('test','2023042615382948',0,0,'테스트 게시물 #60','SYSTEM',to_date('23/04/26','RR/MM/DD'),0,'0','1234');
Insert into BBS.BBSARTICLE (BBS_ID,ARTICLE_ID,REPLY_ID,ARTICLE_TYPE,TITLE,WRITER,WRITTEN_TIME,READ_COUNT,IS_DELETED,ARTICLE_PASSWORD) values ('test','2023042615382963',0,0,'테스트 게시물 #61','SYSTEM',to_date('23/04/26','RR/MM/DD'),0,'0','1234');
Insert into BBS.BBSARTICLE (BBS_ID,ARTICLE_ID,REPLY_ID,ARTICLE_TYPE,TITLE,WRITER,WRITTEN_TIME,READ_COUNT,IS_DELETED,ARTICLE_PASSWORD) values ('test','2023042615383005',0,0,'테스트 게시물 #62','SYSTEM',to_date('23/04/26','RR/MM/DD'),0,'0','1234');
Insert into BBS.BBSARTICLE (BBS_ID,ARTICLE_ID,REPLY_ID,ARTICLE_TYPE,TITLE,WRITER,WRITTEN_TIME,READ_COUNT,IS_DELETED,ARTICLE_PASSWORD) values ('test','2023042615383012',0,0,'테스트 게시물 #63','SYSTEM',to_date('23/04/26','RR/MM/DD'),0,'0','1234');
Insert into BBS.BBSARTICLE (BBS_ID,ARTICLE_ID,REPLY_ID,ARTICLE_TYPE,TITLE,WRITER,WRITTEN_TIME,READ_COUNT,IS_DELETED,ARTICLE_PASSWORD) values ('test','2023042615383122',0,0,'테스트 게시물 #64','SYSTEM',to_date('23/04/26','RR/MM/DD'),0,'0','1234');
Insert into BBS.BBSARTICLE (BBS_ID,ARTICLE_ID,REPLY_ID,ARTICLE_TYPE,TITLE,WRITER,WRITTEN_TIME,READ_COUNT,IS_DELETED,ARTICLE_PASSWORD) values ('test','2023042615383109',0,0,'테스트 게시물 #65','SYSTEM',to_date('23/04/26','RR/MM/DD'),0,'0','1234');
Insert into BBS.BBSARTICLE (BBS_ID,ARTICLE_ID,REPLY_ID,ARTICLE_TYPE,TITLE,WRITER,WRITTEN_TIME,READ_COUNT,IS_DELETED,ARTICLE_PASSWORD) values ('test','2023042615383231',0,0,'테스트 게시물 #66','SYSTEM',to_date('23/04/26','RR/MM/DD'),0,'0','1234');
Insert into BBS.BBSARTICLE (BBS_ID,ARTICLE_ID,REPLY_ID,ARTICLE_TYPE,TITLE,WRITER,WRITTEN_TIME,READ_COUNT,IS_DELETED,ARTICLE_PASSWORD) values ('test','2023042615383254',0,0,'테스트 게시물 #67','SYSTEM',to_date('23/04/26','RR/MM/DD'),0,'0','1234');
Insert into BBS.BBSARTICLE (BBS_ID,ARTICLE_ID,REPLY_ID,ARTICLE_TYPE,TITLE,WRITER,WRITTEN_TIME,READ_COUNT,IS_DELETED,ARTICLE_PASSWORD) values ('test','2023042615383331',0,0,'테스트 게시물 #68','SYSTEM',to_date('23/04/26','RR/MM/DD'),0,'0','1234');
Insert into BBS.BBSARTICLE (BBS_ID,ARTICLE_ID,REPLY_ID,ARTICLE_TYPE,TITLE,WRITER,WRITTEN_TIME,READ_COUNT,IS_DELETED,ARTICLE_PASSWORD) values ('test','2023042615383398',0,0,'테스트 게시물 #69','SYSTEM',to_date('23/04/26','RR/MM/DD'),0,'0','1234');
Insert into BBS.BBSARTICLE (BBS_ID,ARTICLE_ID,REPLY_ID,ARTICLE_TYPE,TITLE,WRITER,WRITTEN_TIME,READ_COUNT,IS_DELETED,ARTICLE_PASSWORD) values ('test','2023042615383486',0,0,'테스트 게시물 #70','SYSTEM',to_date('23/04/26','RR/MM/DD'),0,'0','1234');
Insert into BBS.BBSARTICLE (BBS_ID,ARTICLE_ID,REPLY_ID,ARTICLE_TYPE,TITLE,WRITER,WRITTEN_TIME,READ_COUNT,IS_DELETED,ARTICLE_PASSWORD) values ('test','2023042615383479',0,0,'테스트 게시물 #71','SYSTEM',to_date('23/04/26','RR/MM/DD'),0,'0','1234');
Insert into BBS.BBSARTICLE (BBS_ID,ARTICLE_ID,REPLY_ID,ARTICLE_TYPE,TITLE,WRITER,WRITTEN_TIME,READ_COUNT,IS_DELETED,ARTICLE_PASSWORD) values ('test','2023042615383522',0,0,'테스트 게시물 #72','SYSTEM',to_date('23/04/26','RR/MM/DD'),0,'0','1234');
Insert into BBS.BBSARTICLE (BBS_ID,ARTICLE_ID,REPLY_ID,ARTICLE_TYPE,TITLE,WRITER,WRITTEN_TIME,READ_COUNT,IS_DELETED,ARTICLE_PASSWORD) values ('test','2023042615383610',0,0,'테스트 게시물 #73','SYSTEM',to_date('23/04/26','RR/MM/DD'),0,'0','1234');
Insert into BBS.BBSARTICLE (BBS_ID,ARTICLE_ID,REPLY_ID,ARTICLE_TYPE,TITLE,WRITER,WRITTEN_TIME,READ_COUNT,IS_DELETED,ARTICLE_PASSWORD) values ('test','2023042615383618',0,0,'테스트 게시물 #74','SYSTEM',to_date('23/04/26','RR/MM/DD'),0,'0','1234');
Insert into BBS.BBSARTICLE (BBS_ID,ARTICLE_ID,REPLY_ID,ARTICLE_TYPE,TITLE,WRITER,WRITTEN_TIME,READ_COUNT,IS_DELETED,ARTICLE_PASSWORD) values ('test','2023042615383743',0,0,'테스트 게시물 #75','SYSTEM',to_date('23/04/26','RR/MM/DD'),0,'0','1234');
Insert into BBS.BBSARTICLE (BBS_ID,ARTICLE_ID,REPLY_ID,ARTICLE_TYPE,TITLE,WRITER,WRITTEN_TIME,READ_COUNT,IS_DELETED,ARTICLE_PASSWORD) values ('test','2023042615383794',0,0,'테스트 게시물 #76','SYSTEM',to_date('23/04/26','RR/MM/DD'),0,'0','1234');
Insert into BBS.BBSARTICLE (BBS_ID,ARTICLE_ID,REPLY_ID,ARTICLE_TYPE,TITLE,WRITER,WRITTEN_TIME,READ_COUNT,IS_DELETED,ARTICLE_PASSWORD) values ('test','2023042615383840',0,0,'테스트 게시물 #77','SYSTEM',to_date('23/04/26','RR/MM/DD'),0,'0','1234');
Insert into BBS.BBSARTICLE (BBS_ID,ARTICLE_ID,REPLY_ID,ARTICLE_TYPE,TITLE,WRITER,WRITTEN_TIME,READ_COUNT,IS_DELETED,ARTICLE_PASSWORD) values ('test','2023042615383876',0,0,'테스트 게시물 #78','SYSTEM',to_date('23/04/26','RR/MM/DD'),0,'0','1234');
Insert into BBS.BBSARTICLE (BBS_ID,ARTICLE_ID,REPLY_ID,ARTICLE_TYPE,TITLE,WRITER,WRITTEN_TIME,READ_COUNT,IS_DELETED,ARTICLE_PASSWORD) values ('test','2023042615383993',0,0,'테스트 게시물 #79','SYSTEM',to_date('23/04/26','RR/MM/DD'),0,'0','1234');
Insert into BBS.BBSARTICLE (BBS_ID,ARTICLE_ID,REPLY_ID,ARTICLE_TYPE,TITLE,WRITER,WRITTEN_TIME,READ_COUNT,IS_DELETED,ARTICLE_PASSWORD) values ('test','2023042615383913',0,0,'테스트 게시물 #80','SYSTEM',to_date('23/04/26','RR/MM/DD'),0,'0','1234');
Insert into BBS.BBSARTICLE (BBS_ID,ARTICLE_ID,REPLY_ID,ARTICLE_TYPE,TITLE,WRITER,WRITTEN_TIME,READ_COUNT,IS_DELETED,ARTICLE_PASSWORD) values ('test','2023042615384049',0,0,'테스트 게시물 #81','SYSTEM',to_date('23/04/26','RR/MM/DD'),0,'0','1234');
Insert into BBS.BBSARTICLE (BBS_ID,ARTICLE_ID,REPLY_ID,ARTICLE_TYPE,TITLE,WRITER,WRITTEN_TIME,READ_COUNT,IS_DELETED,ARTICLE_PASSWORD) values ('test','2023042615384032',0,0,'테스트 게시물 #82','SYSTEM',to_date('23/04/26','RR/MM/DD'),0,'0','1234');
Insert into BBS.BBSARTICLE (BBS_ID,ARTICLE_ID,REPLY_ID,ARTICLE_TYPE,TITLE,WRITER,WRITTEN_TIME,READ_COUNT,IS_DELETED,ARTICLE_PASSWORD) values ('test','2023042615384107',0,0,'테스트 게시물 #83','SYSTEM',to_date('23/04/26','RR/MM/DD'),0,'0','1234');
Insert into BBS.BBSARTICLE (BBS_ID,ARTICLE_ID,REPLY_ID,ARTICLE_TYPE,TITLE,WRITER,WRITTEN_TIME,READ_COUNT,IS_DELETED,ARTICLE_PASSWORD) values ('test','2023042615384147',0,0,'테스트 게시물 #84','SYSTEM',to_date('23/04/26','RR/MM/DD'),0,'0','1234');
Insert into BBS.BBSARTICLE (BBS_ID,ARTICLE_ID,REPLY_ID,ARTICLE_TYPE,TITLE,WRITER,WRITTEN_TIME,READ_COUNT,IS_DELETED,ARTICLE_PASSWORD) values ('test','2023042615384236',0,0,'테스트 게시물 #85','SYSTEM',to_date('23/04/26','RR/MM/DD'),0,'0','1234');
Insert into BBS.BBSARTICLE (BBS_ID,ARTICLE_ID,REPLY_ID,ARTICLE_TYPE,TITLE,WRITER,WRITTEN_TIME,READ_COUNT,IS_DELETED,ARTICLE_PASSWORD) values ('test','2023042615384338',0,0,'테스트 게시물 #86','SYSTEM',to_date('23/04/26','RR/MM/DD'),0,'0','1234');
Insert into BBS.BBSARTICLE (BBS_ID,ARTICLE_ID,REPLY_ID,ARTICLE_TYPE,TITLE,WRITER,WRITTEN_TIME,READ_COUNT,IS_DELETED,ARTICLE_PASSWORD) values ('test','2023042615384337',0,0,'테스트 게시물 #87','SYSTEM',to_date('23/04/26','RR/MM/DD'),0,'0','1234');
Insert into BBS.BBSARTICLE (BBS_ID,ARTICLE_ID,REPLY_ID,ARTICLE_TYPE,TITLE,WRITER,WRITTEN_TIME,READ_COUNT,IS_DELETED,ARTICLE_PASSWORD) values ('test','2023042615384401',0,0,'테스트 게시물 #88','SYSTEM',to_date('23/04/26','RR/MM/DD'),0,'0','1234');
Insert into BBS.BBSARTICLE (BBS_ID,ARTICLE_ID,REPLY_ID,ARTICLE_TYPE,TITLE,WRITER,WRITTEN_TIME,READ_COUNT,IS_DELETED,ARTICLE_PASSWORD) values ('test','2023042615384461',0,0,'테스트 게시물 #89','SYSTEM',to_date('23/04/26','RR/MM/DD'),0,'0','1234');
Insert into BBS.BBSARTICLE (BBS_ID,ARTICLE_ID,REPLY_ID,ARTICLE_TYPE,TITLE,WRITER,WRITTEN_TIME,READ_COUNT,IS_DELETED,ARTICLE_PASSWORD) values ('test','2023042615384582',0,0,'테스트 게시물 #90','SYSTEM',to_date('23/04/26','RR/MM/DD'),0,'0','1234');
Insert into BBS.BBSARTICLE (BBS_ID,ARTICLE_ID,REPLY_ID,ARTICLE_TYPE,TITLE,WRITER,WRITTEN_TIME,READ_COUNT,IS_DELETED,ARTICLE_PASSWORD) values ('test','2023042615384584',0,0,'테스트 게시물 #91','SYSTEM',to_date('23/04/26','RR/MM/DD'),0,'0','1234');
Insert into BBS.BBSARTICLE (BBS_ID,ARTICLE_ID,REPLY_ID,ARTICLE_TYPE,TITLE,WRITER,WRITTEN_TIME,READ_COUNT,IS_DELETED,ARTICLE_PASSWORD) values ('test','2023042615384703',0,0,'테스트 게시물 #94','SYSTEM',to_date('23/04/26','RR/MM/DD'),0,'0','1234');
Insert into BBS.BBSARTICLE (BBS_ID,ARTICLE_ID,REPLY_ID,ARTICLE_TYPE,TITLE,WRITER,WRITTEN_TIME,READ_COUNT,IS_DELETED,ARTICLE_PASSWORD) values ('test','2023042615384787',0,0,'테스트 게시물 #95','SYSTEM',to_date('23/04/26','RR/MM/DD'),0,'0','1234');
Insert into BBS.BBSARTICLE (BBS_ID,ARTICLE_ID,REPLY_ID,ARTICLE_TYPE,TITLE,WRITER,WRITTEN_TIME,READ_COUNT,IS_DELETED,ARTICLE_PASSWORD) values ('test','2023042615384823',0,0,'테스트 게시물 #96','SYSTEM',to_date('23/04/26','RR/MM/DD'),0,'0','1234');
Insert into BBS.BBSARTICLE (BBS_ID,ARTICLE_ID,REPLY_ID,ARTICLE_TYPE,TITLE,WRITER,WRITTEN_TIME,READ_COUNT,IS_DELETED,ARTICLE_PASSWORD) values ('test','2023042615384886',0,0,'테스트 게시물 #97','SYSTEM',to_date('23/04/26','RR/MM/DD'),0,'0','1234');
Insert into BBS.BBSARTICLE (BBS_ID,ARTICLE_ID,REPLY_ID,ARTICLE_TYPE,TITLE,WRITER,WRITTEN_TIME,READ_COUNT,IS_DELETED,ARTICLE_PASSWORD) values ('test','2023042615384947',0,0,'테스트 게시물 #98','SYSTEM',to_date('23/04/26','RR/MM/DD'),0,'0','1234');
Insert into BBS.BBSARTICLE (BBS_ID,ARTICLE_ID,REPLY_ID,ARTICLE_TYPE,TITLE,WRITER,WRITTEN_TIME,READ_COUNT,IS_DELETED,ARTICLE_PASSWORD) values ('test','2023042615384930',0,0,'테스트 게시물 #99','SYSTEM',to_date('23/04/26','RR/MM/DD'),0,'0','1234');
Insert into BBS.BBSARTICLE (BBS_ID,ARTICLE_ID,REPLY_ID,ARTICLE_TYPE,TITLE,WRITER,WRITTEN_TIME,READ_COUNT,IS_DELETED,ARTICLE_PASSWORD) values ('test','2023042615385012',0,0,'테스트 게시물 #100','SYSTEM',to_date('23/04/26','RR/MM/DD'),0,'0','1234');
Insert into BBS.BBSARTICLE (BBS_ID,ARTICLE_ID,REPLY_ID,ARTICLE_TYPE,TITLE,WRITER,WRITTEN_TIME,READ_COUNT,IS_DELETED,ARTICLE_PASSWORD) values ('test','2023042615391125',0,0,'테스트 게시물 #1','SYSTEM',to_date('23/04/26','RR/MM/DD'),0,'0','1234');
Insert into BBS.BBSARTICLE (BBS_ID,ARTICLE_ID,REPLY_ID,ARTICLE_TYPE,TITLE,WRITER,WRITTEN_TIME,READ_COUNT,IS_DELETED,ARTICLE_PASSWORD) values ('test','2023042615391211',0,0,'테스트 게시물 #2','SYSTEM',to_date('23/04/26','RR/MM/DD'),0,'0','1234');
Insert into BBS.BBSARTICLE (BBS_ID,ARTICLE_ID,REPLY_ID,ARTICLE_TYPE,TITLE,WRITER,WRITTEN_TIME,READ_COUNT,IS_DELETED,ARTICLE_PASSWORD) values ('test','2023042615391246',0,0,'테스트 게시물 #3','SYSTEM',to_date('23/04/26','RR/MM/DD'),0,'0','1234');
Insert into BBS.BBSARTICLE (BBS_ID,ARTICLE_ID,REPLY_ID,ARTICLE_TYPE,TITLE,WRITER,WRITTEN_TIME,READ_COUNT,IS_DELETED,ARTICLE_PASSWORD) values ('test','2023042615391376',0,0,'테스트 게시물 #4','SYSTEM',to_date('23/04/26','RR/MM/DD'),0,'0','1234');
Insert into BBS.BBSARTICLE (BBS_ID,ARTICLE_ID,REPLY_ID,ARTICLE_TYPE,TITLE,WRITER,WRITTEN_TIME,READ_COUNT,IS_DELETED,ARTICLE_PASSWORD) values ('test','2023042615391465',0,0,'테스트 게시물 #5','SYSTEM',to_date('23/04/26','RR/MM/DD'),0,'0','1234');
Insert into BBS.BBSARTICLE (BBS_ID,ARTICLE_ID,REPLY_ID,ARTICLE_TYPE,TITLE,WRITER,WRITTEN_TIME,READ_COUNT,IS_DELETED,ARTICLE_PASSWORD) values ('test','2023042615391443',0,0,'테스트 게시물 #6','SYSTEM',to_date('23/04/26','RR/MM/DD'),0,'0','1234');
Insert into BBS.BBSARTICLE (BBS_ID,ARTICLE_ID,REPLY_ID,ARTICLE_TYPE,TITLE,WRITER,WRITTEN_TIME,READ_COUNT,IS_DELETED,ARTICLE_PASSWORD) values ('test','2023042615391535',0,0,'테스트 게시물 #7','SYSTEM',to_date('23/04/26','RR/MM/DD'),0,'0','1234');
Insert into BBS.BBSARTICLE (BBS_ID,ARTICLE_ID,REPLY_ID,ARTICLE_TYPE,TITLE,WRITER,WRITTEN_TIME,READ_COUNT,IS_DELETED,ARTICLE_PASSWORD) values ('test','2023042615391593',0,0,'테스트 게시물 #8','SYSTEM',to_date('23/04/26','RR/MM/DD'),0,'0','1234');
Insert into BBS.BBSARTICLE (BBS_ID,ARTICLE_ID,REPLY_ID,ARTICLE_TYPE,TITLE,WRITER,WRITTEN_TIME,READ_COUNT,IS_DELETED,ARTICLE_PASSWORD) values ('test','2023042615391610',0,0,'테스트 게시물 #9','SYSTEM',to_date('23/04/26','RR/MM/DD'),0,'0','1234');
Insert into BBS.BBSARTICLE (BBS_ID,ARTICLE_ID,REPLY_ID,ARTICLE_TYPE,TITLE,WRITER,WRITTEN_TIME,READ_COUNT,IS_DELETED,ARTICLE_PASSWORD) values ('test','2023042615391663',0,0,'테스트 게시물 #10','SYSTEM',to_date('23/04/26','RR/MM/DD'),0,'0','1234');
Insert into BBS.BBSARTICLE (BBS_ID,ARTICLE_ID,REPLY_ID,ARTICLE_TYPE,TITLE,WRITER,WRITTEN_TIME,READ_COUNT,IS_DELETED,ARTICLE_PASSWORD) values ('test','2023042615391703',0,0,'테스트 게시물 #11','SYSTEM',to_date('23/04/26','RR/MM/DD'),0,'0','1234');
Insert into BBS.BBSARTICLE (BBS_ID,ARTICLE_ID,REPLY_ID,ARTICLE_TYPE,TITLE,WRITER,WRITTEN_TIME,READ_COUNT,IS_DELETED,ARTICLE_PASSWORD) values ('test','2023042615391725',0,0,'테스트 게시물 #12','SYSTEM',to_date('23/04/26','RR/MM/DD'),0,'0','1234');
Insert into BBS.BBSARTICLE (BBS_ID,ARTICLE_ID,REPLY_ID,ARTICLE_TYPE,TITLE,WRITER,WRITTEN_TIME,READ_COUNT,IS_DELETED,ARTICLE_PASSWORD) values ('test','2023042615391832',0,0,'테스트 게시물 #13','SYSTEM',to_date('23/04/26','RR/MM/DD'),0,'0','1234');
Insert into BBS.BBSARTICLE (BBS_ID,ARTICLE_ID,REPLY_ID,ARTICLE_TYPE,TITLE,WRITER,WRITTEN_TIME,READ_COUNT,IS_DELETED,ARTICLE_PASSWORD) values ('test','2023042615391897',0,0,'테스트 게시물 #14','SYSTEM',to_date('23/04/26','RR/MM/DD'),0,'0','1234');
Insert into BBS.BBSARTICLE (BBS_ID,ARTICLE_ID,REPLY_ID,ARTICLE_TYPE,TITLE,WRITER,WRITTEN_TIME,READ_COUNT,IS_DELETED,ARTICLE_PASSWORD) values ('test','2023042615391967',0,0,'테스트 게시물 #15','SYSTEM',to_date('23/04/26','RR/MM/DD'),0,'0','1234');
Insert into BBS.BBSARTICLE (BBS_ID,ARTICLE_ID,REPLY_ID,ARTICLE_TYPE,TITLE,WRITER,WRITTEN_TIME,READ_COUNT,IS_DELETED,ARTICLE_PASSWORD) values ('test','2023042615391965',0,0,'테스트 게시물 #16','SYSTEM',to_date('23/04/26','RR/MM/DD'),0,'0','1234');
Insert into BBS.BBSARTICLE (BBS_ID,ARTICLE_ID,REPLY_ID,ARTICLE_TYPE,TITLE,WRITER,WRITTEN_TIME,READ_COUNT,IS_DELETED,ARTICLE_PASSWORD) values ('test','2023042615392028',0,0,'테스트 게시물 #17','SYSTEM',to_date('23/04/26','RR/MM/DD'),0,'0','1234');
Insert into BBS.BBSARTICLE (BBS_ID,ARTICLE_ID,REPLY_ID,ARTICLE_TYPE,TITLE,WRITER,WRITTEN_TIME,READ_COUNT,IS_DELETED,ARTICLE_PASSWORD) values ('test','2023042615392061',0,0,'테스트 게시물 #18','SYSTEM',to_date('23/04/26','RR/MM/DD'),0,'0','1234');
Insert into BBS.BBSARTICLE (BBS_ID,ARTICLE_ID,REPLY_ID,ARTICLE_TYPE,TITLE,WRITER,WRITTEN_TIME,READ_COUNT,IS_DELETED,ARTICLE_PASSWORD) values ('test','2023042615392170',0,0,'테스트 게시물 #19','SYSTEM',to_date('23/04/26','RR/MM/DD'),0,'0','1234');
Insert into BBS.BBSARTICLE (BBS_ID,ARTICLE_ID,REPLY_ID,ARTICLE_TYPE,TITLE,WRITER,WRITTEN_TIME,READ_COUNT,IS_DELETED,ARTICLE_PASSWORD) values ('test','2023042615392169',0,0,'테스트 게시물 #20','SYSTEM',to_date('23/04/26','RR/MM/DD'),0,'0','1234');
Insert into BBS.BBSARTICLE (BBS_ID,ARTICLE_ID,REPLY_ID,ARTICLE_TYPE,TITLE,WRITER,WRITTEN_TIME,READ_COUNT,IS_DELETED,ARTICLE_PASSWORD) values ('test','2023042615392294',0,0,'테스트 게시물 #21','SYSTEM',to_date('23/04/26','RR/MM/DD'),0,'0','1234');
Insert into BBS.BBSARTICLE (BBS_ID,ARTICLE_ID,REPLY_ID,ARTICLE_TYPE,TITLE,WRITER,WRITTEN_TIME,READ_COUNT,IS_DELETED,ARTICLE_PASSWORD) values ('test','2023042615392210',0,0,'테스트 게시물 #22','SYSTEM',to_date('23/04/26','RR/MM/DD'),0,'0','1234');
Insert into BBS.BBSARTICLE (BBS_ID,ARTICLE_ID,REPLY_ID,ARTICLE_TYPE,TITLE,WRITER,WRITTEN_TIME,READ_COUNT,IS_DELETED,ARTICLE_PASSWORD) values ('test','2023042615392316',0,0,'테스트 게시물 #23','SYSTEM',to_date('23/04/26','RR/MM/DD'),0,'0','1234');
Insert into BBS.BBSARTICLE (BBS_ID,ARTICLE_ID,REPLY_ID,ARTICLE_TYPE,TITLE,WRITER,WRITTEN_TIME,READ_COUNT,IS_DELETED,ARTICLE_PASSWORD) values ('test','2023042615392438',0,0,'테스트 게시물 #24','SYSTEM',to_date('23/04/26','RR/MM/DD'),0,'0','1234');
Insert into BBS.BBSARTICLE (BBS_ID,ARTICLE_ID,REPLY_ID,ARTICLE_TYPE,TITLE,WRITER,WRITTEN_TIME,READ_COUNT,IS_DELETED,ARTICLE_PASSWORD) values ('test','2023042615392479',0,0,'테스트 게시물 #25','SYSTEM',to_date('23/04/26','RR/MM/DD'),0,'0','1234');
Insert into BBS.BBSARTICLE (BBS_ID,ARTICLE_ID,REPLY_ID,ARTICLE_TYPE,TITLE,WRITER,WRITTEN_TIME,READ_COUNT,IS_DELETED,ARTICLE_PASSWORD) values ('test','2023042615392517',0,0,'테스트 게시물 #26','SYSTEM',to_date('23/04/26','RR/MM/DD'),0,'0','1234');
Insert into BBS.BBSARTICLE (BBS_ID,ARTICLE_ID,REPLY_ID,ARTICLE_TYPE,TITLE,WRITER,WRITTEN_TIME,READ_COUNT,IS_DELETED,ARTICLE_PASSWORD) values ('test','2023042615392578',0,0,'테스트 게시물 #27','SYSTEM',to_date('23/04/26','RR/MM/DD'),0,'0','1234');
Insert into BBS.BBSARTICLE (BBS_ID,ARTICLE_ID,REPLY_ID,ARTICLE_TYPE,TITLE,WRITER,WRITTEN_TIME,READ_COUNT,IS_DELETED,ARTICLE_PASSWORD) values ('test','2023042615392631',0,0,'테스트 게시물 #28','SYSTEM',to_date('23/04/26','RR/MM/DD'),0,'0','1234');
Insert into BBS.BBSARTICLE (BBS_ID,ARTICLE_ID,REPLY_ID,ARTICLE_TYPE,TITLE,WRITER,WRITTEN_TIME,READ_COUNT,IS_DELETED,ARTICLE_PASSWORD) values ('test','2023042615392681',0,0,'테스트 게시물 #29','SYSTEM',to_date('23/04/26','RR/MM/DD'),0,'0','1234');
Insert into BBS.BBSARTICLE (BBS_ID,ARTICLE_ID,REPLY_ID,ARTICLE_TYPE,TITLE,WRITER,WRITTEN_TIME,READ_COUNT,IS_DELETED,ARTICLE_PASSWORD) values ('test','2023042615392787',0,0,'테스트 게시물 #30','SYSTEM',to_date('23/04/26','RR/MM/DD'),0,'0','1234');
Insert into BBS.BBSARTICLE (BBS_ID,ARTICLE_ID,REPLY_ID,ARTICLE_TYPE,TITLE,WRITER,WRITTEN_TIME,READ_COUNT,IS_DELETED,ARTICLE_PASSWORD) values ('test','2023042615392755',0,0,'테스트 게시물 #31','SYSTEM',to_date('23/04/26','RR/MM/DD'),0,'0','1234');
Insert into BBS.BBSARTICLE (BBS_ID,ARTICLE_ID,REPLY_ID,ARTICLE_TYPE,TITLE,WRITER,WRITTEN_TIME,READ_COUNT,IS_DELETED,ARTICLE_PASSWORD) values ('test','2023042615392871',0,0,'테스트 게시물 #32','SYSTEM',to_date('23/04/26','RR/MM/DD'),0,'0','1234');
Insert into BBS.BBSARTICLE (BBS_ID,ARTICLE_ID,REPLY_ID,ARTICLE_TYPE,TITLE,WRITER,WRITTEN_TIME,READ_COUNT,IS_DELETED,ARTICLE_PASSWORD) values ('test','2023042615392869',0,0,'테스트 게시물 #33','SYSTEM',to_date('23/04/26','RR/MM/DD'),0,'0','1234');
Insert into BBS.BBSARTICLE (BBS_ID,ARTICLE_ID,REPLY_ID,ARTICLE_TYPE,TITLE,WRITER,WRITTEN_TIME,READ_COUNT,IS_DELETED,ARTICLE_PASSWORD) values ('test','2023042615392902',0,0,'테스트 게시물 #34','SYSTEM',to_date('23/04/26','RR/MM/DD'),0,'0','1234');
Insert into BBS.BBSARTICLE (BBS_ID,ARTICLE_ID,REPLY_ID,ARTICLE_TYPE,TITLE,WRITER,WRITTEN_TIME,READ_COUNT,IS_DELETED,ARTICLE_PASSWORD) values ('test','2023042615392998',0,0,'테스트 게시물 #35','SYSTEM',to_date('23/04/26','RR/MM/DD'),0,'0','1234');
Insert into BBS.BBSARTICLE (BBS_ID,ARTICLE_ID,REPLY_ID,ARTICLE_TYPE,TITLE,WRITER,WRITTEN_TIME,READ_COUNT,IS_DELETED,ARTICLE_PASSWORD) values ('test','2023042615393080',0,0,'테스트 게시물 #36','SYSTEM',to_date('23/04/26','RR/MM/DD'),0,'0','1234');
Insert into BBS.BBSARTICLE (BBS_ID,ARTICLE_ID,REPLY_ID,ARTICLE_TYPE,TITLE,WRITER,WRITTEN_TIME,READ_COUNT,IS_DELETED,ARTICLE_PASSWORD) values ('test','2023042615393185',0,0,'테스트 게시물 #37','SYSTEM',to_date('23/04/26','RR/MM/DD'),0,'0','1234');
Insert into BBS.BBSARTICLE (BBS_ID,ARTICLE_ID,REPLY_ID,ARTICLE_TYPE,TITLE,WRITER,WRITTEN_TIME,READ_COUNT,IS_DELETED,ARTICLE_PASSWORD) values ('test','2023042615393107',0,0,'테스트 게시물 #38','SYSTEM',to_date('23/04/26','RR/MM/DD'),0,'0','1234');
Insert into BBS.BBSARTICLE (BBS_ID,ARTICLE_ID,REPLY_ID,ARTICLE_TYPE,TITLE,WRITER,WRITTEN_TIME,READ_COUNT,IS_DELETED,ARTICLE_PASSWORD) values ('test','2023042615393251',0,0,'테스트 게시물 #39','SYSTEM',to_date('23/04/26','RR/MM/DD'),0,'0','1234');
Insert into BBS.BBSARTICLE (BBS_ID,ARTICLE_ID,REPLY_ID,ARTICLE_TYPE,TITLE,WRITER,WRITTEN_TIME,READ_COUNT,IS_DELETED,ARTICLE_PASSWORD) values ('test','2023042615393252',0,0,'테스트 게시물 #40','SYSTEM',to_date('23/04/26','RR/MM/DD'),0,'0','1234');
Insert into BBS.BBSARTICLE (BBS_ID,ARTICLE_ID,REPLY_ID,ARTICLE_TYPE,TITLE,WRITER,WRITTEN_TIME,READ_COUNT,IS_DELETED,ARTICLE_PASSWORD) values ('test','2023042615393327',0,0,'테스트 게시물 #41','SYSTEM',to_date('23/04/26','RR/MM/DD'),0,'0','1234');
Insert into BBS.BBSARTICLE (BBS_ID,ARTICLE_ID,REPLY_ID,ARTICLE_TYPE,TITLE,WRITER,WRITTEN_TIME,READ_COUNT,IS_DELETED,ARTICLE_PASSWORD) values ('test','2023042615393398',0,0,'테스트 게시물 #42','SYSTEM',to_date('23/04/26','RR/MM/DD'),0,'0','1234');
Insert into BBS.BBSARTICLE (BBS_ID,ARTICLE_ID,REPLY_ID,ARTICLE_TYPE,TITLE,WRITER,WRITTEN_TIME,READ_COUNT,IS_DELETED,ARTICLE_PASSWORD) values ('test','2023042615393468',0,0,'테스트 게시물 #43','SYSTEM',to_date('23/04/26','RR/MM/DD'),0,'0','1234');
Insert into BBS.BBSARTICLE (BBS_ID,ARTICLE_ID,REPLY_ID,ARTICLE_TYPE,TITLE,WRITER,WRITTEN_TIME,READ_COUNT,IS_DELETED,ARTICLE_PASSWORD) values ('test','2023042615393438',0,0,'테스트 게시물 #44','SYSTEM',to_date('23/04/26','RR/MM/DD'),0,'0','1234');
Insert into BBS.BBSARTICLE (BBS_ID,ARTICLE_ID,REPLY_ID,ARTICLE_TYPE,TITLE,WRITER,WRITTEN_TIME,READ_COUNT,IS_DELETED,ARTICLE_PASSWORD) values ('test','2023042615393543',0,0,'테스트 게시물 #45','SYSTEM',to_date('23/04/26','RR/MM/DD'),0,'0','1234');
Insert into BBS.BBSARTICLE (BBS_ID,ARTICLE_ID,REPLY_ID,ARTICLE_TYPE,TITLE,WRITER,WRITTEN_TIME,READ_COUNT,IS_DELETED,ARTICLE_PASSWORD) values ('test','2023042615393567',0,0,'테스트 게시물 #46','SYSTEM',to_date('23/04/26','RR/MM/DD'),0,'0','1234');
Insert into BBS.BBSARTICLE (BBS_ID,ARTICLE_ID,REPLY_ID,ARTICLE_TYPE,TITLE,WRITER,WRITTEN_TIME,READ_COUNT,IS_DELETED,ARTICLE_PASSWORD) values ('test','2023042615393667',0,0,'테스트 게시물 #47','SYSTEM',to_date('23/04/26','RR/MM/DD'),0,'0','1234');
Insert into BBS.BBSARTICLE (BBS_ID,ARTICLE_ID,REPLY_ID,ARTICLE_TYPE,TITLE,WRITER,WRITTEN_TIME,READ_COUNT,IS_DELETED,ARTICLE_PASSWORD) values ('test','2023042615393647',0,0,'테스트 게시물 #48','SYSTEM',to_date('23/04/26','RR/MM/DD'),0,'0','1234');
Insert into BBS.BBSARTICLE (BBS_ID,ARTICLE_ID,REPLY_ID,ARTICLE_TYPE,TITLE,WRITER,WRITTEN_TIME,READ_COUNT,IS_DELETED,ARTICLE_PASSWORD) values ('test','2023042615393724',0,0,'테스트 게시물 #49','SYSTEM',to_date('23/04/26','RR/MM/DD'),0,'0','1234');
Insert into BBS.BBSARTICLE (BBS_ID,ARTICLE_ID,REPLY_ID,ARTICLE_TYPE,TITLE,WRITER,WRITTEN_TIME,READ_COUNT,IS_DELETED,ARTICLE_PASSWORD) values ('test','2023042615393735',0,0,'테스트 게시물 #50','SYSTEM',to_date('23/04/26','RR/MM/DD'),0,'0','1234');
Insert into BBS.BBSARTICLE (BBS_ID,ARTICLE_ID,REPLY_ID,ARTICLE_TYPE,TITLE,WRITER,WRITTEN_TIME,READ_COUNT,IS_DELETED,ARTICLE_PASSWORD) values ('test','2023042615393852',0,0,'테스트 게시물 #51','SYSTEM',to_date('23/04/26','RR/MM/DD'),0,'0','1234');
Insert into BBS.BBSARTICLE (BBS_ID,ARTICLE_ID,REPLY_ID,ARTICLE_TYPE,TITLE,WRITER,WRITTEN_TIME,READ_COUNT,IS_DELETED,ARTICLE_PASSWORD) values ('test','2023042615393917',0,0,'테스트 게시물 #52','SYSTEM',to_date('23/04/26','RR/MM/DD'),0,'0','1234');
Insert into BBS.BBSARTICLE (BBS_ID,ARTICLE_ID,REPLY_ID,ARTICLE_TYPE,TITLE,WRITER,WRITTEN_TIME,READ_COUNT,IS_DELETED,ARTICLE_PASSWORD) values ('test','2023042615393934',0,0,'테스트 게시물 #53','SYSTEM',to_date('23/04/26','RR/MM/DD'),0,'0','1234');
Insert into BBS.BBSARTICLE (BBS_ID,ARTICLE_ID,REPLY_ID,ARTICLE_TYPE,TITLE,WRITER,WRITTEN_TIME,READ_COUNT,IS_DELETED,ARTICLE_PASSWORD) values ('test','2023042615394068',0,0,'테스트 게시물 #54','SYSTEM',to_date('23/04/26','RR/MM/DD'),0,'0','1234');
Insert into BBS.BBSARTICLE (BBS_ID,ARTICLE_ID,REPLY_ID,ARTICLE_TYPE,TITLE,WRITER,WRITTEN_TIME,READ_COUNT,IS_DELETED,ARTICLE_PASSWORD) values ('test','2023042615394039',0,0,'테스트 게시물 #55','SYSTEM',to_date('23/04/26','RR/MM/DD'),0,'0','1234');
Insert into BBS.BBSARTICLE (BBS_ID,ARTICLE_ID,REPLY_ID,ARTICLE_TYPE,TITLE,WRITER,WRITTEN_TIME,READ_COUNT,IS_DELETED,ARTICLE_PASSWORD) values ('test','2023042615384676',0,0,'테스트 게시물 #92','SYSTEM',to_date('23/04/26','RR/MM/DD'),0,'0','1234');
Insert into BBS.BBSARTICLE (BBS_ID,ARTICLE_ID,REPLY_ID,ARTICLE_TYPE,TITLE,WRITER,WRITTEN_TIME,READ_COUNT,IS_DELETED,ARTICLE_PASSWORD) values ('test','2023042615384609',0,0,'테스트 게시물 #93','SYSTEM',to_date('23/04/26','RR/MM/DD'),0,'0','1234');
Insert into BBS.BBSARTICLE (BBS_ID,ARTICLE_ID,REPLY_ID,ARTICLE_TYPE,TITLE,WRITER,WRITTEN_TIME,READ_COUNT,IS_DELETED,ARTICLE_PASSWORD) values ('test','2023042615394116',0,0,'테스트 게시물 #56','SYSTEM',to_date('23/04/26','RR/MM/DD'),0,'0','1234');
Insert into BBS.BBSARTICLE (BBS_ID,ARTICLE_ID,REPLY_ID,ARTICLE_TYPE,TITLE,WRITER,WRITTEN_TIME,READ_COUNT,IS_DELETED,ARTICLE_PASSWORD) values ('test','2023042615394194',0,0,'테스트 게시물 #57','SYSTEM',to_date('23/04/26','RR/MM/DD'),0,'0','1234');
Insert into BBS.BBSARTICLE (BBS_ID,ARTICLE_ID,REPLY_ID,ARTICLE_TYPE,TITLE,WRITER,WRITTEN_TIME,READ_COUNT,IS_DELETED,ARTICLE_PASSWORD) values ('test','2023042615394209',0,0,'테스트 게시물 #58','SYSTEM',to_date('23/04/26','RR/MM/DD'),0,'0','1234');
Insert into BBS.BBSARTICLE (BBS_ID,ARTICLE_ID,REPLY_ID,ARTICLE_TYPE,TITLE,WRITER,WRITTEN_TIME,READ_COUNT,IS_DELETED,ARTICLE_PASSWORD) values ('test','2023042615394296',0,0,'테스트 게시물 #59','SYSTEM',to_date('23/04/26','RR/MM/DD'),0,'0','1234');
Insert into BBS.BBSARTICLE (BBS_ID,ARTICLE_ID,REPLY_ID,ARTICLE_TYPE,TITLE,WRITER,WRITTEN_TIME,READ_COUNT,IS_DELETED,ARTICLE_PASSWORD) values ('test','2023042615394348',0,0,'테스트 게시물 #60','SYSTEM',to_date('23/04/26','RR/MM/DD'),0,'0','1234');
Insert into BBS.BBSARTICLE (BBS_ID,ARTICLE_ID,REPLY_ID,ARTICLE_TYPE,TITLE,WRITER,WRITTEN_TIME,READ_COUNT,IS_DELETED,ARTICLE_PASSWORD) values ('test','2023042615394363',0,0,'테스트 게시물 #61','SYSTEM',to_date('23/04/26','RR/MM/DD'),0,'0','1234');
Insert into BBS.BBSARTICLE (BBS_ID,ARTICLE_ID,REPLY_ID,ARTICLE_TYPE,TITLE,WRITER,WRITTEN_TIME,READ_COUNT,IS_DELETED,ARTICLE_PASSWORD) values ('test','2023042615394405',0,0,'테스트 게시물 #62','SYSTEM',to_date('23/04/26','RR/MM/DD'),0,'0','1234');
Insert into BBS.BBSARTICLE (BBS_ID,ARTICLE_ID,REPLY_ID,ARTICLE_TYPE,TITLE,WRITER,WRITTEN_TIME,READ_COUNT,IS_DELETED,ARTICLE_PASSWORD) values ('test','2023042615394412',0,0,'테스트 게시물 #63','SYSTEM',to_date('23/04/26','RR/MM/DD'),0,'0','1234');
Insert into BBS.BBSARTICLE (BBS_ID,ARTICLE_ID,REPLY_ID,ARTICLE_TYPE,TITLE,WRITER,WRITTEN_TIME,READ_COUNT,IS_DELETED,ARTICLE_PASSWORD) values ('test','2023042615394522',0,0,'테스트 게시물 #64','SYSTEM',to_date('23/04/26','RR/MM/DD'),0,'0','1234');
Insert into BBS.BBSARTICLE (BBS_ID,ARTICLE_ID,REPLY_ID,ARTICLE_TYPE,TITLE,WRITER,WRITTEN_TIME,READ_COUNT,IS_DELETED,ARTICLE_PASSWORD) values ('test','2023042615394509',0,0,'테스트 게시물 #65','SYSTEM',to_date('23/04/26','RR/MM/DD'),0,'0','1234');
Insert into BBS.BBSARTICLE (BBS_ID,ARTICLE_ID,REPLY_ID,ARTICLE_TYPE,TITLE,WRITER,WRITTEN_TIME,READ_COUNT,IS_DELETED,ARTICLE_PASSWORD) values ('test','2023042615394631',0,0,'테스트 게시물 #66','SYSTEM',to_date('23/04/26','RR/MM/DD'),0,'0','1234');
Insert into BBS.BBSARTICLE (BBS_ID,ARTICLE_ID,REPLY_ID,ARTICLE_TYPE,TITLE,WRITER,WRITTEN_TIME,READ_COUNT,IS_DELETED,ARTICLE_PASSWORD) values ('test','2023042615394754',0,0,'테스트 게시물 #67','SYSTEM',to_date('23/04/26','RR/MM/DD'),0,'0','1234');
Insert into BBS.BBSARTICLE (BBS_ID,ARTICLE_ID,REPLY_ID,ARTICLE_TYPE,TITLE,WRITER,WRITTEN_TIME,READ_COUNT,IS_DELETED,ARTICLE_PASSWORD) values ('test','2023042615394731',0,0,'테스트 게시물 #68','SYSTEM',to_date('23/04/26','RR/MM/DD'),0,'0','1234');
Insert into BBS.BBSARTICLE (BBS_ID,ARTICLE_ID,REPLY_ID,ARTICLE_TYPE,TITLE,WRITER,WRITTEN_TIME,READ_COUNT,IS_DELETED,ARTICLE_PASSWORD) values ('test','2023042615394898',0,0,'테스트 게시물 #69','SYSTEM',to_date('23/04/26','RR/MM/DD'),0,'0','1234');
Insert into BBS.BBSARTICLE (BBS_ID,ARTICLE_ID,REPLY_ID,ARTICLE_TYPE,TITLE,WRITER,WRITTEN_TIME,READ_COUNT,IS_DELETED,ARTICLE_PASSWORD) values ('test','2023042615394886',0,0,'테스트 게시물 #70','SYSTEM',to_date('23/04/26','RR/MM/DD'),0,'0','1234');
Insert into BBS.BBSARTICLE (BBS_ID,ARTICLE_ID,REPLY_ID,ARTICLE_TYPE,TITLE,WRITER,WRITTEN_TIME,READ_COUNT,IS_DELETED,ARTICLE_PASSWORD) values ('test','2023042615394979',0,0,'테스트 게시물 #71','SYSTEM',to_date('23/04/26','RR/MM/DD'),0,'0','1234');
Insert into BBS.BBSARTICLE (BBS_ID,ARTICLE_ID,REPLY_ID,ARTICLE_TYPE,TITLE,WRITER,WRITTEN_TIME,READ_COUNT,IS_DELETED,ARTICLE_PASSWORD) values ('test','2023042615394922',0,0,'테스트 게시물 #72','SYSTEM',to_date('23/04/26','RR/MM/DD'),0,'0','1234');
Insert into BBS.BBSARTICLE (BBS_ID,ARTICLE_ID,REPLY_ID,ARTICLE_TYPE,TITLE,WRITER,WRITTEN_TIME,READ_COUNT,IS_DELETED,ARTICLE_PASSWORD) values ('test','2023042615395010',0,0,'테스트 게시물 #73','SYSTEM',to_date('23/04/26','RR/MM/DD'),0,'0','1234');
Insert into BBS.BBSARTICLE (BBS_ID,ARTICLE_ID,REPLY_ID,ARTICLE_TYPE,TITLE,WRITER,WRITTEN_TIME,READ_COUNT,IS_DELETED,ARTICLE_PASSWORD) values ('test','2023042615395018',0,0,'테스트 게시물 #74','SYSTEM',to_date('23/04/26','RR/MM/DD'),0,'0','1234');
Insert into BBS.BBSARTICLE (BBS_ID,ARTICLE_ID,REPLY_ID,ARTICLE_TYPE,TITLE,WRITER,WRITTEN_TIME,READ_COUNT,IS_DELETED,ARTICLE_PASSWORD) values ('test','2023042615395143',0,0,'테스트 게시물 #75','SYSTEM',to_date('23/04/26','RR/MM/DD'),0,'0','1234');
Insert into BBS.BBSARTICLE (BBS_ID,ARTICLE_ID,REPLY_ID,ARTICLE_TYPE,TITLE,WRITER,WRITTEN_TIME,READ_COUNT,IS_DELETED,ARTICLE_PASSWORD) values ('test','2023042615395194',0,0,'테스트 게시물 #76','SYSTEM',to_date('23/04/26','RR/MM/DD'),0,'0','1234');
Insert into BBS.BBSARTICLE (BBS_ID,ARTICLE_ID,REPLY_ID,ARTICLE_TYPE,TITLE,WRITER,WRITTEN_TIME,READ_COUNT,IS_DELETED,ARTICLE_PASSWORD) values ('test','2023042615395240',0,0,'테스트 게시물 #77','SYSTEM',to_date('23/04/26','RR/MM/DD'),1,'0','1234');
Insert into BBS.BBSARTICLE (BBS_ID,ARTICLE_ID,REPLY_ID,ARTICLE_TYPE,TITLE,WRITER,WRITTEN_TIME,READ_COUNT,IS_DELETED,ARTICLE_PASSWORD) values ('test','2023042615395276',0,0,'테스트 게시물 #78','SYSTEM',to_date('23/04/26','RR/MM/DD'),0,'0','1234');
Insert into BBS.BBSARTICLE (BBS_ID,ARTICLE_ID,REPLY_ID,ARTICLE_TYPE,TITLE,WRITER,WRITTEN_TIME,READ_COUNT,IS_DELETED,ARTICLE_PASSWORD) values ('test','2023042615395393',0,0,'테스트 게시물 #79','SYSTEM',to_date('23/04/26','RR/MM/DD'),0,'0','1234');
Insert into BBS.BBSARTICLE (BBS_ID,ARTICLE_ID,REPLY_ID,ARTICLE_TYPE,TITLE,WRITER,WRITTEN_TIME,READ_COUNT,IS_DELETED,ARTICLE_PASSWORD) values ('test','2023042615395413',0,0,'테스트 게시물 #80','SYSTEM',to_date('23/04/26','RR/MM/DD'),0,'0','1234');
Insert into BBS.BBSARTICLE (BBS_ID,ARTICLE_ID,REPLY_ID,ARTICLE_TYPE,TITLE,WRITER,WRITTEN_TIME,READ_COUNT,IS_DELETED,ARTICLE_PASSWORD) values ('test','2023042615395449',0,0,'테스트 게시물 #81','SYSTEM',to_date('23/04/26','RR/MM/DD'),0,'0','1234');
Insert into BBS.BBSARTICLE (BBS_ID,ARTICLE_ID,REPLY_ID,ARTICLE_TYPE,TITLE,WRITER,WRITTEN_TIME,READ_COUNT,IS_DELETED,ARTICLE_PASSWORD) values ('test','2023042615395532',0,0,'테스트 게시물 #82','SYSTEM',to_date('23/04/26','RR/MM/DD'),0,'0','1234');
Insert into BBS.BBSARTICLE (BBS_ID,ARTICLE_ID,REPLY_ID,ARTICLE_TYPE,TITLE,WRITER,WRITTEN_TIME,READ_COUNT,IS_DELETED,ARTICLE_PASSWORD) values ('test','2023042615395507',0,0,'테스트 게시물 #83','SYSTEM',to_date('23/04/26','RR/MM/DD'),0,'0','1234');
Insert into BBS.BBSARTICLE (BBS_ID,ARTICLE_ID,REPLY_ID,ARTICLE_TYPE,TITLE,WRITER,WRITTEN_TIME,READ_COUNT,IS_DELETED,ARTICLE_PASSWORD) values ('test','2023042615395738',0,0,'테스트 게시물 #86','SYSTEM',to_date('23/04/26','RR/MM/DD'),0,'0','1234');
Insert into BBS.BBSARTICLE (BBS_ID,ARTICLE_ID,REPLY_ID,ARTICLE_TYPE,TITLE,WRITER,WRITTEN_TIME,READ_COUNT,IS_DELETED,ARTICLE_PASSWORD) values ('test','2023042615395737',0,0,'테스트 게시물 #87','SYSTEM',to_date('23/04/26','RR/MM/DD'),0,'0','1234');
Insert into BBS.BBSARTICLE (BBS_ID,ARTICLE_ID,REPLY_ID,ARTICLE_TYPE,TITLE,WRITER,WRITTEN_TIME,READ_COUNT,IS_DELETED,ARTICLE_PASSWORD) values ('test','2023042615395801',0,0,'테스트 게시물 #88','SYSTEM',to_date('23/04/26','RR/MM/DD'),0,'0','1234');
Insert into BBS.BBSARTICLE (BBS_ID,ARTICLE_ID,REPLY_ID,ARTICLE_TYPE,TITLE,WRITER,WRITTEN_TIME,READ_COUNT,IS_DELETED,ARTICLE_PASSWORD) values ('test','2023042615395861',0,0,'테스트 게시물 #89','SYSTEM',to_date('23/04/26','RR/MM/DD'),0,'0','1234');
Insert into BBS.BBSARTICLE (BBS_ID,ARTICLE_ID,REPLY_ID,ARTICLE_TYPE,TITLE,WRITER,WRITTEN_TIME,READ_COUNT,IS_DELETED,ARTICLE_PASSWORD) values ('test','2023042615395982',0,0,'테스트 게시물 #90','SYSTEM',to_date('23/04/26','RR/MM/DD'),1,'0','1234');
Insert into BBS.BBSARTICLE (BBS_ID,ARTICLE_ID,REPLY_ID,ARTICLE_TYPE,TITLE,WRITER,WRITTEN_TIME,READ_COUNT,IS_DELETED,ARTICLE_PASSWORD) values ('test','2023042615395984',0,0,'테스트 게시물 #91','SYSTEM',to_date('23/04/26','RR/MM/DD'),0,'0','1234');
Insert into BBS.BBSARTICLE (BBS_ID,ARTICLE_ID,REPLY_ID,ARTICLE_TYPE,TITLE,WRITER,WRITTEN_TIME,READ_COUNT,IS_DELETED,ARTICLE_PASSWORD) values ('test','2023042615400076',0,0,'테스트 게시물 #92','SYSTEM',to_date('23/04/26','RR/MM/DD'),0,'0','1234');
Insert into BBS.BBSARTICLE (BBS_ID,ARTICLE_ID,REPLY_ID,ARTICLE_TYPE,TITLE,WRITER,WRITTEN_TIME,READ_COUNT,IS_DELETED,ARTICLE_PASSWORD) values ('test','2023042615400009',0,0,'테스트 게시물 #93','SYSTEM',to_date('23/04/26','RR/MM/DD'),0,'0','1234');
Insert into BBS.BBSARTICLE (BBS_ID,ARTICLE_ID,REPLY_ID,ARTICLE_TYPE,TITLE,WRITER,WRITTEN_TIME,READ_COUNT,IS_DELETED,ARTICLE_PASSWORD) values ('test','2023042615400103',0,0,'테스트 게시물 #94','SYSTEM',to_date('23/04/26','RR/MM/DD'),1,'0','1234');
Insert into BBS.BBSARTICLE (BBS_ID,ARTICLE_ID,REPLY_ID,ARTICLE_TYPE,TITLE,WRITER,WRITTEN_TIME,READ_COUNT,IS_DELETED,ARTICLE_PASSWORD) values ('test','2023042615400287',0,0,'테스트 게시물 #95','SYSTEM',to_date('23/04/26','RR/MM/DD'),0,'0','1234');
Insert into BBS.BBSARTICLE (BBS_ID,ARTICLE_ID,REPLY_ID,ARTICLE_TYPE,TITLE,WRITER,WRITTEN_TIME,READ_COUNT,IS_DELETED,ARTICLE_PASSWORD) values ('test','2023042615400223',0,0,'테스트 게시물 #96','SYSTEM',to_date('23/04/26','RR/MM/DD'),0,'0','1234');
Insert into BBS.BBSARTICLE (BBS_ID,ARTICLE_ID,REPLY_ID,ARTICLE_TYPE,TITLE,WRITER,WRITTEN_TIME,READ_COUNT,IS_DELETED,ARTICLE_PASSWORD) values ('test','2023042615400386',0,0,'테스트 게시물 #97','SYSTEM',to_date('23/04/26','RR/MM/DD'),1,'0','1234');
Insert into BBS.BBSARTICLE (BBS_ID,ARTICLE_ID,REPLY_ID,ARTICLE_TYPE,TITLE,WRITER,WRITTEN_TIME,READ_COUNT,IS_DELETED,ARTICLE_PASSWORD) values ('test','2023042615400347',0,0,'테스트 게시물 #98','SYSTEM',to_date('23/04/26','RR/MM/DD'),0,'0','1234');
Insert into BBS.BBSARTICLE (BBS_ID,ARTICLE_ID,REPLY_ID,ARTICLE_TYPE,TITLE,WRITER,WRITTEN_TIME,READ_COUNT,IS_DELETED,ARTICLE_PASSWORD) values ('test','2023042615400430',0,0,'테스트 게시물 #99','SYSTEM',to_date('23/04/26','RR/MM/DD'),1,'0','1234');
Insert into BBS.BBSARTICLE (BBS_ID,ARTICLE_ID,REPLY_ID,ARTICLE_TYPE,TITLE,WRITER,WRITTEN_TIME,READ_COUNT,IS_DELETED,ARTICLE_PASSWORD) values ('test','2023042615400412',0,0,'테스트 게시물 #100','SYSTEM',to_date('23/04/26','RR/MM/DD'),3,'0','1234');
Insert into BBS.BBSARTICLE (BBS_ID,ARTICLE_ID,REPLY_ID,ARTICLE_TYPE,TITLE,WRITER,WRITTEN_TIME,READ_COUNT,IS_DELETED,ARTICLE_PASSWORD) values ('test2','2023042616010924',0,0,'테스트 게시물','GUEST',to_date('23/04/26','RR/MM/DD'),9,'0','1234');
Insert into BBS.BBSARTICLE (BBS_ID,ARTICLE_ID,REPLY_ID,ARTICLE_TYPE,TITLE,WRITER,WRITTEN_TIME,READ_COUNT,IS_DELETED,ARTICLE_PASSWORD) values ('test2','2023042616302238',0,0,'테스트','GUEST',to_date('23/04/26','RR/MM/DD'),3,'0','1234');
Insert into BBS.BBSARTICLE (BBS_ID,ARTICLE_ID,REPLY_ID,ARTICLE_TYPE,TITLE,WRITER,WRITTEN_TIME,READ_COUNT,IS_DELETED,ARTICLE_PASSWORD) values ('test2','2023042616541222',0,0,'테스트 TEST','GUEST',to_date('23/04/26','RR/MM/DD'),40,'0','1234');
Insert into BBS.BBSARTICLE (BBS_ID,ARTICLE_ID,REPLY_ID,ARTICLE_TYPE,TITLE,WRITER,WRITTEN_TIME,READ_COUNT,IS_DELETED,ARTICLE_PASSWORD) values ('test','2023042615395647',0,0,'테스트 게시물 #84','SYSTEM',to_date('23/04/26','RR/MM/DD'),0,'0','1234');
Insert into BBS.BBSARTICLE (BBS_ID,ARTICLE_ID,REPLY_ID,ARTICLE_TYPE,TITLE,WRITER,WRITTEN_TIME,READ_COUNT,IS_DELETED,ARTICLE_PASSWORD) values ('test','2023042615395636',0,0,'테스트 게시물 #85','SYSTEM',to_date('23/04/26','RR/MM/DD'),0,'0','1234');
REM INSERTING into BBS.BBSBOARD
SET DEFINE OFF;
Insert into BBS.BBSBOARD (BBS_ID,BBS_NAME,BBS_TYPE,CREATED_TIME,IS_ENABLED) values ('test4','#4 TEST 게시판',0,to_date('23/04/26','RR/MM/DD'),'1');
Insert into BBS.BBSBOARD (BBS_ID,BBS_NAME,BBS_TYPE,CREATED_TIME,IS_ENABLED) values ('test3','#3 테스트 게시판',0,to_date('23/04/17','RR/MM/DD'),'1');
Insert into BBS.BBSBOARD (BBS_ID,BBS_NAME,BBS_TYPE,CREATED_TIME,IS_ENABLED) values ('test','#1 TEST BOARD',0,to_date('23/04/17','RR/MM/DD'),'1');
Insert into BBS.BBSBOARD (BBS_ID,BBS_NAME,BBS_TYPE,CREATED_TIME,IS_ENABLED) values ('test2','#2 BBS',0,to_date('23/04/17','RR/MM/DD'),'1');
REM INSERTING into BBS.BBSCONTENT
SET DEFINE OFF;
Insert into BBS.BBSCONTENT (BBS_ID,ARTICLE_ID,REPLY_ID) values ('test','2023042615375725',0);
Insert into BBS.BBSCONTENT (BBS_ID,ARTICLE_ID,REPLY_ID) values ('test','2023042615375811',0);
Insert into BBS.BBSCONTENT (BBS_ID,ARTICLE_ID,REPLY_ID) values ('test','2023042615375846',0);
Insert into BBS.BBSCONTENT (BBS_ID,ARTICLE_ID,REPLY_ID) values ('test','2023042615375965',0);
Insert into BBS.BBSCONTENT (BBS_ID,ARTICLE_ID,REPLY_ID) values ('test','2023042615375976',0);
Insert into BBS.BBSCONTENT (BBS_ID,ARTICLE_ID,REPLY_ID) values ('test','2023042615380035',0);
Insert into BBS.BBSCONTENT (BBS_ID,ARTICLE_ID,REPLY_ID) values ('test','2023042615380043',0);
Insert into BBS.BBSCONTENT (BBS_ID,ARTICLE_ID,REPLY_ID) values ('test','2023042615380110',0);
Insert into BBS.BBSCONTENT (BBS_ID,ARTICLE_ID,REPLY_ID) values ('test','2023042615380193',0);
Insert into BBS.BBSCONTENT (BBS_ID,ARTICLE_ID,REPLY_ID) values ('test','2023042615380203',0);
Insert into BBS.BBSCONTENT (BBS_ID,ARTICLE_ID,REPLY_ID) values ('test','2023042615380263',0);
Insert into BBS.BBSCONTENT (BBS_ID,ARTICLE_ID,REPLY_ID) values ('test','2023042615380325',0);
Insert into BBS.BBSCONTENT (BBS_ID,ARTICLE_ID,REPLY_ID) values ('test','2023042615380432',0);
Insert into BBS.BBSCONTENT (BBS_ID,ARTICLE_ID,REPLY_ID) values ('test','2023042615380497',0);
Insert into BBS.BBSCONTENT (BBS_ID,ARTICLE_ID,REPLY_ID) values ('test','2023042615380565',0);
Insert into BBS.BBSCONTENT (BBS_ID,ARTICLE_ID,REPLY_ID) values ('test','2023042615380567',0);
Insert into BBS.BBSCONTENT (BBS_ID,ARTICLE_ID,REPLY_ID) values ('test','2023042615380628',0);
Insert into BBS.BBSCONTENT (BBS_ID,ARTICLE_ID,REPLY_ID) values ('test','2023042615380661',0);
Insert into BBS.BBSCONTENT (BBS_ID,ARTICLE_ID,REPLY_ID) values ('test','2023042615380769',0);
Insert into BBS.BBSCONTENT (BBS_ID,ARTICLE_ID,REPLY_ID) values ('test','2023042615380770',0);
Insert into BBS.BBSCONTENT (BBS_ID,ARTICLE_ID,REPLY_ID) values ('test','2023042615380810',0);
Insert into BBS.BBSCONTENT (BBS_ID,ARTICLE_ID,REPLY_ID) values ('test','2023042615380894',0);
Insert into BBS.BBSCONTENT (BBS_ID,ARTICLE_ID,REPLY_ID) values ('test','2023042615380916',0);
Insert into BBS.BBSCONTENT (BBS_ID,ARTICLE_ID,REPLY_ID) values ('test','2023042615380938',0);
Insert into BBS.BBSCONTENT (BBS_ID,ARTICLE_ID,REPLY_ID) values ('test','2023042615381017',0);
Insert into BBS.BBSCONTENT (BBS_ID,ARTICLE_ID,REPLY_ID) values ('test','2023042615381079',0);
Insert into BBS.BBSCONTENT (BBS_ID,ARTICLE_ID,REPLY_ID) values ('test','2023042615381178',0);
Insert into BBS.BBSCONTENT (BBS_ID,ARTICLE_ID,REPLY_ID) values ('test','2023042615381231',0);
Insert into BBS.BBSCONTENT (BBS_ID,ARTICLE_ID,REPLY_ID) values ('test','2023042615381281',0);
Insert into BBS.BBSCONTENT (BBS_ID,ARTICLE_ID,REPLY_ID) values ('test','2023042615381355',0);
Insert into BBS.BBSCONTENT (BBS_ID,ARTICLE_ID,REPLY_ID) values ('test','2023042615381387',0);
Insert into BBS.BBSCONTENT (BBS_ID,ARTICLE_ID,REPLY_ID) values ('test','2023042615381469',0);
Insert into BBS.BBSCONTENT (BBS_ID,ARTICLE_ID,REPLY_ID) values ('test','2023042615381471',0);
Insert into BBS.BBSCONTENT (BBS_ID,ARTICLE_ID,REPLY_ID) values ('test','2023042615381502',0);
Insert into BBS.BBSCONTENT (BBS_ID,ARTICLE_ID,REPLY_ID) values ('test','2023042615381598',0);
Insert into BBS.BBSCONTENT (BBS_ID,ARTICLE_ID,REPLY_ID) values ('test','2023042615381680',0);
Insert into BBS.BBSCONTENT (BBS_ID,ARTICLE_ID,REPLY_ID) values ('test','2023042615381685',0);
Insert into BBS.BBSCONTENT (BBS_ID,ARTICLE_ID,REPLY_ID) values ('test','2023042615381707',0);
Insert into BBS.BBSCONTENT (BBS_ID,ARTICLE_ID,REPLY_ID) values ('test','2023042615381751',0);
Insert into BBS.BBSCONTENT (BBS_ID,ARTICLE_ID,REPLY_ID) values ('test','2023042615381827',0);
Insert into BBS.BBSCONTENT (BBS_ID,ARTICLE_ID,REPLY_ID) values ('test','2023042615381852',0);
Insert into BBS.BBSCONTENT (BBS_ID,ARTICLE_ID,REPLY_ID) values ('test','2023042615381968',0);
Insert into BBS.BBSCONTENT (BBS_ID,ARTICLE_ID,REPLY_ID) values ('test','2023042615381998',0);
Insert into BBS.BBSCONTENT (BBS_ID,ARTICLE_ID,REPLY_ID) values ('test','2023042615382038',0);
Insert into BBS.BBSCONTENT (BBS_ID,ARTICLE_ID,REPLY_ID) values ('test','2023042615382143',0);
Insert into BBS.BBSCONTENT (BBS_ID,ARTICLE_ID,REPLY_ID) values ('test','2023042615382167',0);
Insert into BBS.BBSCONTENT (BBS_ID,ARTICLE_ID,REPLY_ID) values ('test','2023042615382247',0);
Insert into BBS.BBSCONTENT (BBS_ID,ARTICLE_ID,REPLY_ID) values ('test','2023042615382267',0);
Insert into BBS.BBSCONTENT (BBS_ID,ARTICLE_ID,REPLY_ID) values ('test','2023042615382324',0);
Insert into BBS.BBSCONTENT (BBS_ID,ARTICLE_ID,REPLY_ID) values ('test','2023042615382335',0);
Insert into BBS.BBSCONTENT (BBS_ID,ARTICLE_ID,REPLY_ID) values ('test','2023042615382417',0);
Insert into BBS.BBSCONTENT (BBS_ID,ARTICLE_ID,REPLY_ID) values ('test','2023042615382452',0);
Insert into BBS.BBSCONTENT (BBS_ID,ARTICLE_ID,REPLY_ID) values ('test','2023042615382534',0);
Insert into BBS.BBSCONTENT (BBS_ID,ARTICLE_ID,REPLY_ID) values ('test','2023042615382568',0);
Insert into BBS.BBSCONTENT (BBS_ID,ARTICLE_ID,REPLY_ID) values ('test','2023042615382616',0);
Insert into BBS.BBSCONTENT (BBS_ID,ARTICLE_ID,REPLY_ID) values ('test','2023042615382639',0);
Insert into BBS.BBSCONTENT (BBS_ID,ARTICLE_ID,REPLY_ID) values ('test','2023042615382794',0);
Insert into BBS.BBSCONTENT (BBS_ID,ARTICLE_ID,REPLY_ID) values ('test','2023042615382809',0);
Insert into BBS.BBSCONTENT (BBS_ID,ARTICLE_ID,REPLY_ID) values ('test','2023042615382896',0);
Insert into BBS.BBSCONTENT (BBS_ID,ARTICLE_ID,REPLY_ID) values ('test','2023042615382948',0);
Insert into BBS.BBSCONTENT (BBS_ID,ARTICLE_ID,REPLY_ID) values ('test','2023042615382963',0);
Insert into BBS.BBSCONTENT (BBS_ID,ARTICLE_ID,REPLY_ID) values ('test','2023042615383005',0);
Insert into BBS.BBSCONTENT (BBS_ID,ARTICLE_ID,REPLY_ID) values ('test','2023042615383012',0);
Insert into BBS.BBSCONTENT (BBS_ID,ARTICLE_ID,REPLY_ID) values ('test','2023042615383109',0);
Insert into BBS.BBSCONTENT (BBS_ID,ARTICLE_ID,REPLY_ID) values ('test','2023042615383122',0);
Insert into BBS.BBSCONTENT (BBS_ID,ARTICLE_ID,REPLY_ID) values ('test','2023042615383231',0);
Insert into BBS.BBSCONTENT (BBS_ID,ARTICLE_ID,REPLY_ID) values ('test','2023042615383254',0);
Insert into BBS.BBSCONTENT (BBS_ID,ARTICLE_ID,REPLY_ID) values ('test','2023042615383331',0);
Insert into BBS.BBSCONTENT (BBS_ID,ARTICLE_ID,REPLY_ID) values ('test','2023042615383398',0);
Insert into BBS.BBSCONTENT (BBS_ID,ARTICLE_ID,REPLY_ID) values ('test','2023042615383479',0);
Insert into BBS.BBSCONTENT (BBS_ID,ARTICLE_ID,REPLY_ID) values ('test','2023042615383486',0);
Insert into BBS.BBSCONTENT (BBS_ID,ARTICLE_ID,REPLY_ID) values ('test','2023042615383522',0);
Insert into BBS.BBSCONTENT (BBS_ID,ARTICLE_ID,REPLY_ID) values ('test','2023042615383610',0);
Insert into BBS.BBSCONTENT (BBS_ID,ARTICLE_ID,REPLY_ID) values ('test','2023042615383618',0);
Insert into BBS.BBSCONTENT (BBS_ID,ARTICLE_ID,REPLY_ID) values ('test','2023042615383743',0);
Insert into BBS.BBSCONTENT (BBS_ID,ARTICLE_ID,REPLY_ID) values ('test','2023042615383794',0);
Insert into BBS.BBSCONTENT (BBS_ID,ARTICLE_ID,REPLY_ID) values ('test','2023042615383840',0);
Insert into BBS.BBSCONTENT (BBS_ID,ARTICLE_ID,REPLY_ID) values ('test','2023042615383876',0);
Insert into BBS.BBSCONTENT (BBS_ID,ARTICLE_ID,REPLY_ID) values ('test','2023042615383913',0);
Insert into BBS.BBSCONTENT (BBS_ID,ARTICLE_ID,REPLY_ID) values ('test','2023042615383993',0);
Insert into BBS.BBSCONTENT (BBS_ID,ARTICLE_ID,REPLY_ID) values ('test','2023042615384032',0);
Insert into BBS.BBSCONTENT (BBS_ID,ARTICLE_ID,REPLY_ID) values ('test','2023042615384049',0);
Insert into BBS.BBSCONTENT (BBS_ID,ARTICLE_ID,REPLY_ID) values ('test','2023042615384107',0);
Insert into BBS.BBSCONTENT (BBS_ID,ARTICLE_ID,REPLY_ID) values ('test','2023042615384147',0);
Insert into BBS.BBSCONTENT (BBS_ID,ARTICLE_ID,REPLY_ID) values ('test','2023042615384236',0);
Insert into BBS.BBSCONTENT (BBS_ID,ARTICLE_ID,REPLY_ID) values ('test','2023042615384337',0);
Insert into BBS.BBSCONTENT (BBS_ID,ARTICLE_ID,REPLY_ID) values ('test','2023042615384338',0);
Insert into BBS.BBSCONTENT (BBS_ID,ARTICLE_ID,REPLY_ID) values ('test','2023042615384401',0);
Insert into BBS.BBSCONTENT (BBS_ID,ARTICLE_ID,REPLY_ID) values ('test','2023042615384461',0);
Insert into BBS.BBSCONTENT (BBS_ID,ARTICLE_ID,REPLY_ID) values ('test','2023042615384582',0);
Insert into BBS.BBSCONTENT (BBS_ID,ARTICLE_ID,REPLY_ID) values ('test','2023042615384584',0);
Insert into BBS.BBSCONTENT (BBS_ID,ARTICLE_ID,REPLY_ID) values ('test','2023042615384609',0);
Insert into BBS.BBSCONTENT (BBS_ID,ARTICLE_ID,REPLY_ID) values ('test','2023042615384676',0);
Insert into BBS.BBSCONTENT (BBS_ID,ARTICLE_ID,REPLY_ID) values ('test','2023042615384703',0);
Insert into BBS.BBSCONTENT (BBS_ID,ARTICLE_ID,REPLY_ID) values ('test','2023042615384787',0);
Insert into BBS.BBSCONTENT (BBS_ID,ARTICLE_ID,REPLY_ID) values ('test','2023042615384823',0);
Insert into BBS.BBSCONTENT (BBS_ID,ARTICLE_ID,REPLY_ID) values ('test','2023042615384886',0);
Insert into BBS.BBSCONTENT (BBS_ID,ARTICLE_ID,REPLY_ID) values ('test','2023042615384930',0);
Insert into BBS.BBSCONTENT (BBS_ID,ARTICLE_ID,REPLY_ID) values ('test','2023042615384947',0);
Insert into BBS.BBSCONTENT (BBS_ID,ARTICLE_ID,REPLY_ID) values ('test','2023042615385012',0);
Insert into BBS.BBSCONTENT (BBS_ID,ARTICLE_ID,REPLY_ID) values ('test','2023042615391125',0);
Insert into BBS.BBSCONTENT (BBS_ID,ARTICLE_ID,REPLY_ID) values ('test','2023042615391211',0);
Insert into BBS.BBSCONTENT (BBS_ID,ARTICLE_ID,REPLY_ID) values ('test','2023042615391246',0);
Insert into BBS.BBSCONTENT (BBS_ID,ARTICLE_ID,REPLY_ID) values ('test','2023042615391376',0);
Insert into BBS.BBSCONTENT (BBS_ID,ARTICLE_ID,REPLY_ID) values ('test','2023042615391443',0);
Insert into BBS.BBSCONTENT (BBS_ID,ARTICLE_ID,REPLY_ID) values ('test','2023042615391465',0);
Insert into BBS.BBSCONTENT (BBS_ID,ARTICLE_ID,REPLY_ID) values ('test','2023042615391535',0);
Insert into BBS.BBSCONTENT (BBS_ID,ARTICLE_ID,REPLY_ID) values ('test','2023042615391593',0);
Insert into BBS.BBSCONTENT (BBS_ID,ARTICLE_ID,REPLY_ID) values ('test','2023042615391610',0);
Insert into BBS.BBSCONTENT (BBS_ID,ARTICLE_ID,REPLY_ID) values ('test','2023042615391663',0);
Insert into BBS.BBSCONTENT (BBS_ID,ARTICLE_ID,REPLY_ID) values ('test','2023042615391703',0);
Insert into BBS.BBSCONTENT (BBS_ID,ARTICLE_ID,REPLY_ID) values ('test','2023042615391725',0);
Insert into BBS.BBSCONTENT (BBS_ID,ARTICLE_ID,REPLY_ID) values ('test','2023042615391832',0);
Insert into BBS.BBSCONTENT (BBS_ID,ARTICLE_ID,REPLY_ID) values ('test','2023042615391897',0);
Insert into BBS.BBSCONTENT (BBS_ID,ARTICLE_ID,REPLY_ID) values ('test','2023042615391965',0);
Insert into BBS.BBSCONTENT (BBS_ID,ARTICLE_ID,REPLY_ID) values ('test','2023042615391967',0);
Insert into BBS.BBSCONTENT (BBS_ID,ARTICLE_ID,REPLY_ID) values ('test2','2023042614205384',0);
Insert into BBS.BBSCONTENT (BBS_ID,ARTICLE_ID,REPLY_ID) values ('test2','2023042614463306',0);
Insert into BBS.BBSCONTENT (BBS_ID,ARTICLE_ID,REPLY_ID) values ('test2','2023042614595717',0);
Insert into BBS.BBSCONTENT (BBS_ID,ARTICLE_ID,REPLY_ID) values ('test2','2023042615100203',0);
Insert into BBS.BBSCONTENT (BBS_ID,ARTICLE_ID,REPLY_ID) values ('test2','2023042616010924',0);
Insert into BBS.BBSCONTENT (BBS_ID,ARTICLE_ID,REPLY_ID) values ('test2','2023042616302238',0);
Insert into BBS.BBSCONTENT (BBS_ID,ARTICLE_ID,REPLY_ID) values ('test2','2023042616541222',0);
Insert into BBS.BBSCONTENT (BBS_ID,ARTICLE_ID,REPLY_ID) values ('test','2023042615392028',0);
Insert into BBS.BBSCONTENT (BBS_ID,ARTICLE_ID,REPLY_ID) values ('test','2023042615392061',0);
Insert into BBS.BBSCONTENT (BBS_ID,ARTICLE_ID,REPLY_ID) values ('test','2023042615392169',0);
Insert into BBS.BBSCONTENT (BBS_ID,ARTICLE_ID,REPLY_ID) values ('test','2023042615392170',0);
Insert into BBS.BBSCONTENT (BBS_ID,ARTICLE_ID,REPLY_ID) values ('test','2023042615392210',0);
Insert into BBS.BBSCONTENT (BBS_ID,ARTICLE_ID,REPLY_ID) values ('test','2023042615392294',0);
Insert into BBS.BBSCONTENT (BBS_ID,ARTICLE_ID,REPLY_ID) values ('test','2023042615392316',0);
Insert into BBS.BBSCONTENT (BBS_ID,ARTICLE_ID,REPLY_ID) values ('test','2023042615392438',0);
Insert into BBS.BBSCONTENT (BBS_ID,ARTICLE_ID,REPLY_ID) values ('test','2023042615392479',0);
Insert into BBS.BBSCONTENT (BBS_ID,ARTICLE_ID,REPLY_ID) values ('test','2023042615392517',0);
Insert into BBS.BBSCONTENT (BBS_ID,ARTICLE_ID,REPLY_ID) values ('test','2023042615392578',0);
Insert into BBS.BBSCONTENT (BBS_ID,ARTICLE_ID,REPLY_ID) values ('test','2023042615392631',0);
Insert into BBS.BBSCONTENT (BBS_ID,ARTICLE_ID,REPLY_ID) values ('test','2023042615392681',0);
Insert into BBS.BBSCONTENT (BBS_ID,ARTICLE_ID,REPLY_ID) values ('test','2023042615392755',0);
Insert into BBS.BBSCONTENT (BBS_ID,ARTICLE_ID,REPLY_ID) values ('test','2023042615392787',0);
Insert into BBS.BBSCONTENT (BBS_ID,ARTICLE_ID,REPLY_ID) values ('test','2023042615392869',0);
Insert into BBS.BBSCONTENT (BBS_ID,ARTICLE_ID,REPLY_ID) values ('test','2023042615392871',0);
Insert into BBS.BBSCONTENT (BBS_ID,ARTICLE_ID,REPLY_ID) values ('test','2023042615392902',0);
Insert into BBS.BBSCONTENT (BBS_ID,ARTICLE_ID,REPLY_ID) values ('test','2023042615392998',0);
Insert into BBS.BBSCONTENT (BBS_ID,ARTICLE_ID,REPLY_ID) values ('test','2023042615393080',0);
Insert into BBS.BBSCONTENT (BBS_ID,ARTICLE_ID,REPLY_ID) values ('test','2023042615393107',0);
Insert into BBS.BBSCONTENT (BBS_ID,ARTICLE_ID,REPLY_ID) values ('test','2023042615393185',0);
Insert into BBS.BBSCONTENT (BBS_ID,ARTICLE_ID,REPLY_ID) values ('test','2023042615393251',0);
Insert into BBS.BBSCONTENT (BBS_ID,ARTICLE_ID,REPLY_ID) values ('test','2023042615393252',0);
Insert into BBS.BBSCONTENT (BBS_ID,ARTICLE_ID,REPLY_ID) values ('test','2023042615393327',0);
Insert into BBS.BBSCONTENT (BBS_ID,ARTICLE_ID,REPLY_ID) values ('test','2023042615393398',0);
Insert into BBS.BBSCONTENT (BBS_ID,ARTICLE_ID,REPLY_ID) values ('test','2023042615393438',0);
Insert into BBS.BBSCONTENT (BBS_ID,ARTICLE_ID,REPLY_ID) values ('test','2023042615393468',0);
Insert into BBS.BBSCONTENT (BBS_ID,ARTICLE_ID,REPLY_ID) values ('test','2023042615393543',0);
Insert into BBS.BBSCONTENT (BBS_ID,ARTICLE_ID,REPLY_ID) values ('test','2023042615393567',0);
Insert into BBS.BBSCONTENT (BBS_ID,ARTICLE_ID,REPLY_ID) values ('test','2023042615393647',0);
Insert into BBS.BBSCONTENT (BBS_ID,ARTICLE_ID,REPLY_ID) values ('test','2023042615393667',0);
Insert into BBS.BBSCONTENT (BBS_ID,ARTICLE_ID,REPLY_ID) values ('test','2023042615393724',0);
Insert into BBS.BBSCONTENT (BBS_ID,ARTICLE_ID,REPLY_ID) values ('test','2023042615393735',0);
Insert into BBS.BBSCONTENT (BBS_ID,ARTICLE_ID,REPLY_ID) values ('test','2023042615393852',0);
Insert into BBS.BBSCONTENT (BBS_ID,ARTICLE_ID,REPLY_ID) values ('test','2023042615393917',0);
Insert into BBS.BBSCONTENT (BBS_ID,ARTICLE_ID,REPLY_ID) values ('test','2023042615393934',0);
Insert into BBS.BBSCONTENT (BBS_ID,ARTICLE_ID,REPLY_ID) values ('test','2023042615394039',0);
Insert into BBS.BBSCONTENT (BBS_ID,ARTICLE_ID,REPLY_ID) values ('test','2023042615394068',0);
Insert into BBS.BBSCONTENT (BBS_ID,ARTICLE_ID,REPLY_ID) values ('test','2023042615394116',0);
Insert into BBS.BBSCONTENT (BBS_ID,ARTICLE_ID,REPLY_ID) values ('test','2023042615394194',0);
Insert into BBS.BBSCONTENT (BBS_ID,ARTICLE_ID,REPLY_ID) values ('test','2023042615394209',0);
Insert into BBS.BBSCONTENT (BBS_ID,ARTICLE_ID,REPLY_ID) values ('test','2023042615394296',0);
Insert into BBS.BBSCONTENT (BBS_ID,ARTICLE_ID,REPLY_ID) values ('test','2023042615394348',0);
Insert into BBS.BBSCONTENT (BBS_ID,ARTICLE_ID,REPLY_ID) values ('test','2023042615394363',0);
Insert into BBS.BBSCONTENT (BBS_ID,ARTICLE_ID,REPLY_ID) values ('test','2023042615394405',0);
Insert into BBS.BBSCONTENT (BBS_ID,ARTICLE_ID,REPLY_ID) values ('test','2023042615394412',0);
Insert into BBS.BBSCONTENT (BBS_ID,ARTICLE_ID,REPLY_ID) values ('test','2023042615394509',0);
Insert into BBS.BBSCONTENT (BBS_ID,ARTICLE_ID,REPLY_ID) values ('test','2023042615394522',0);
Insert into BBS.BBSCONTENT (BBS_ID,ARTICLE_ID,REPLY_ID) values ('test','2023042615394631',0);
Insert into BBS.BBSCONTENT (BBS_ID,ARTICLE_ID,REPLY_ID) values ('test','2023042615394731',0);
Insert into BBS.BBSCONTENT (BBS_ID,ARTICLE_ID,REPLY_ID) values ('test','2023042615394754',0);
Insert into BBS.BBSCONTENT (BBS_ID,ARTICLE_ID,REPLY_ID) values ('test','2023042615394886',0);
Insert into BBS.BBSCONTENT (BBS_ID,ARTICLE_ID,REPLY_ID) values ('test','2023042615394898',0);
Insert into BBS.BBSCONTENT (BBS_ID,ARTICLE_ID,REPLY_ID) values ('test','2023042615394922',0);
Insert into BBS.BBSCONTENT (BBS_ID,ARTICLE_ID,REPLY_ID) values ('test','2023042615394979',0);
Insert into BBS.BBSCONTENT (BBS_ID,ARTICLE_ID,REPLY_ID) values ('test','2023042615395010',0);
Insert into BBS.BBSCONTENT (BBS_ID,ARTICLE_ID,REPLY_ID) values ('test','2023042615395018',0);
Insert into BBS.BBSCONTENT (BBS_ID,ARTICLE_ID,REPLY_ID) values ('test','2023042615395143',0);
Insert into BBS.BBSCONTENT (BBS_ID,ARTICLE_ID,REPLY_ID) values ('test','2023042615395194',0);
Insert into BBS.BBSCONTENT (BBS_ID,ARTICLE_ID,REPLY_ID) values ('test','2023042615395240',0);
Insert into BBS.BBSCONTENT (BBS_ID,ARTICLE_ID,REPLY_ID) values ('test','2023042615395276',0);
Insert into BBS.BBSCONTENT (BBS_ID,ARTICLE_ID,REPLY_ID) values ('test','2023042615395393',0);
Insert into BBS.BBSCONTENT (BBS_ID,ARTICLE_ID,REPLY_ID) values ('test','2023042615395413',0);
Insert into BBS.BBSCONTENT (BBS_ID,ARTICLE_ID,REPLY_ID) values ('test','2023042615395449',0);
Insert into BBS.BBSCONTENT (BBS_ID,ARTICLE_ID,REPLY_ID) values ('test','2023042615395507',0);
Insert into BBS.BBSCONTENT (BBS_ID,ARTICLE_ID,REPLY_ID) values ('test','2023042615395532',0);
Insert into BBS.BBSCONTENT (BBS_ID,ARTICLE_ID,REPLY_ID) values ('test','2023042615395636',0);
Insert into BBS.BBSCONTENT (BBS_ID,ARTICLE_ID,REPLY_ID) values ('test','2023042615395647',0);
Insert into BBS.BBSCONTENT (BBS_ID,ARTICLE_ID,REPLY_ID) values ('test','2023042615395737',0);
Insert into BBS.BBSCONTENT (BBS_ID,ARTICLE_ID,REPLY_ID) values ('test','2023042615395738',0);
Insert into BBS.BBSCONTENT (BBS_ID,ARTICLE_ID,REPLY_ID) values ('test','2023042615395801',0);
Insert into BBS.BBSCONTENT (BBS_ID,ARTICLE_ID,REPLY_ID) values ('test','2023042615395861',0);
Insert into BBS.BBSCONTENT (BBS_ID,ARTICLE_ID,REPLY_ID) values ('test','2023042615395982',0);
Insert into BBS.BBSCONTENT (BBS_ID,ARTICLE_ID,REPLY_ID) values ('test','2023042615395984',0);
Insert into BBS.BBSCONTENT (BBS_ID,ARTICLE_ID,REPLY_ID) values ('test','2023042615400009',0);
Insert into BBS.BBSCONTENT (BBS_ID,ARTICLE_ID,REPLY_ID) values ('test','2023042615400076',0);
Insert into BBS.BBSCONTENT (BBS_ID,ARTICLE_ID,REPLY_ID) values ('test','2023042615400103',0);
Insert into BBS.BBSCONTENT (BBS_ID,ARTICLE_ID,REPLY_ID) values ('test','2023042615400223',0);
Insert into BBS.BBSCONTENT (BBS_ID,ARTICLE_ID,REPLY_ID) values ('test','2023042615400287',0);
Insert into BBS.BBSCONTENT (BBS_ID,ARTICLE_ID,REPLY_ID) values ('test','2023042615400347',0);
Insert into BBS.BBSCONTENT (BBS_ID,ARTICLE_ID,REPLY_ID) values ('test','2023042615400386',0);
Insert into BBS.BBSCONTENT (BBS_ID,ARTICLE_ID,REPLY_ID) values ('test','2023042615400412',0);
Insert into BBS.BBSCONTENT (BBS_ID,ARTICLE_ID,REPLY_ID) values ('test','2023042615400430',0);
Insert into BBS.BBSCONTENT (BBS_ID,ARTICLE_ID,REPLY_ID) values ('test','2023042617364525',0);
Insert into BBS.BBSCONTENT (BBS_ID,ARTICLE_ID,REPLY_ID) values ('test','2023042617364811',0);
Insert into BBS.BBSCONTENT (BBS_ID,ARTICLE_ID,REPLY_ID) values ('test','2023042617364846',0);
Insert into BBS.BBSCONTENT (BBS_ID,ARTICLE_ID,REPLY_ID) values ('test','2023042617364965',0);
Insert into BBS.BBSCONTENT (BBS_ID,ARTICLE_ID,REPLY_ID) values ('test','2023042617364976',0);
Insert into BBS.BBSCONTENT (BBS_ID,ARTICLE_ID,REPLY_ID) values ('test','2023042617365035',0);
Insert into BBS.BBSCONTENT (BBS_ID,ARTICLE_ID,REPLY_ID) values ('test','2023042617365043',0);
Insert into BBS.BBSCONTENT (BBS_ID,ARTICLE_ID,REPLY_ID) values ('test','2023042617365193',0);
Insert into BBS.BBSCONTENT (BBS_ID,ARTICLE_ID,REPLY_ID) values ('test','2023042617365210',0);
Insert into BBS.BBSCONTENT (BBS_ID,ARTICLE_ID,REPLY_ID) values ('test','2023042617365263',0);
Insert into BBS.BBSCONTENT (BBS_ID,ARTICLE_ID,REPLY_ID) values ('test','2023042617365303',0);
Insert into BBS.BBSCONTENT (BBS_ID,ARTICLE_ID,REPLY_ID) values ('test','2023042617365325',0);
Insert into BBS.BBSCONTENT (BBS_ID,ARTICLE_ID,REPLY_ID) values ('test','2023042617365432',0);
Insert into BBS.BBSCONTENT (BBS_ID,ARTICLE_ID,REPLY_ID) values ('test','2023042617365497',0);
Insert into BBS.BBSCONTENT (BBS_ID,ARTICLE_ID,REPLY_ID) values ('test','2023042617365565',0);
Insert into BBS.BBSCONTENT (BBS_ID,ARTICLE_ID,REPLY_ID) values ('test','2023042617365567',0);
Insert into BBS.BBSCONTENT (BBS_ID,ARTICLE_ID,REPLY_ID) values ('test','2023042617365628',0);
Insert into BBS.BBSCONTENT (BBS_ID,ARTICLE_ID,REPLY_ID) values ('test','2023042617365661',0);
Insert into BBS.BBSCONTENT (BBS_ID,ARTICLE_ID,REPLY_ID) values ('test','2023042617365769',0);
Insert into BBS.BBSCONTENT (BBS_ID,ARTICLE_ID,REPLY_ID) values ('test','2023042617365770',0);
Insert into BBS.BBSCONTENT (BBS_ID,ARTICLE_ID,REPLY_ID) values ('test','2023042617365810',0);
Insert into BBS.BBSCONTENT (BBS_ID,ARTICLE_ID,REPLY_ID) values ('test','2023042617365894',0);
Insert into BBS.BBSCONTENT (BBS_ID,ARTICLE_ID,REPLY_ID) values ('test','2023042617365916',0);
Insert into BBS.BBSCONTENT (BBS_ID,ARTICLE_ID,REPLY_ID) values ('test','2023042617370038',0);
Insert into BBS.BBSCONTENT (BBS_ID,ARTICLE_ID,REPLY_ID) values ('test','2023042617370079',0);
Insert into BBS.BBSCONTENT (BBS_ID,ARTICLE_ID,REPLY_ID) values ('test','2023042617370117',0);
Insert into BBS.BBSCONTENT (BBS_ID,ARTICLE_ID,REPLY_ID) values ('test','2023042617370178',0);
Insert into BBS.BBSCONTENT (BBS_ID,ARTICLE_ID,REPLY_ID) values ('test','2023042617370231',0);
Insert into BBS.BBSCONTENT (BBS_ID,ARTICLE_ID,REPLY_ID) values ('test','2023042617370281',0);
Insert into BBS.BBSCONTENT (BBS_ID,ARTICLE_ID,REPLY_ID) values ('test','2023042617370355',0);
Insert into BBS.BBSCONTENT (BBS_ID,ARTICLE_ID,REPLY_ID) values ('test','2023042617370387',0);
Insert into BBS.BBSCONTENT (BBS_ID,ARTICLE_ID,REPLY_ID) values ('test','2023042617370469',0);
Insert into BBS.BBSCONTENT (BBS_ID,ARTICLE_ID,REPLY_ID) values ('test','2023042617370471',0);
Insert into BBS.BBSCONTENT (BBS_ID,ARTICLE_ID,REPLY_ID) values ('test','2023042617370502',0);
Insert into BBS.BBSCONTENT (BBS_ID,ARTICLE_ID,REPLY_ID) values ('test','2023042617370598',0);
Insert into BBS.BBSCONTENT (BBS_ID,ARTICLE_ID,REPLY_ID) values ('test','2023042617370680',0);
Insert into BBS.BBSCONTENT (BBS_ID,ARTICLE_ID,REPLY_ID) values ('test','2023042617370685',0);
Insert into BBS.BBSCONTENT (BBS_ID,ARTICLE_ID,REPLY_ID) values ('test','2023042617370707',0);
Insert into BBS.BBSCONTENT (BBS_ID,ARTICLE_ID,REPLY_ID) values ('test','2023042617370851',0);
Insert into BBS.BBSCONTENT (BBS_ID,ARTICLE_ID,REPLY_ID) values ('test','2023042617370852',0);
Insert into BBS.BBSCONTENT (BBS_ID,ARTICLE_ID,REPLY_ID) values ('test','2023042617370927',0);
Insert into BBS.BBSCONTENT (BBS_ID,ARTICLE_ID,REPLY_ID) values ('test','2023042617370998',0);
Insert into BBS.BBSCONTENT (BBS_ID,ARTICLE_ID,REPLY_ID) values ('test','2023042617371038',0);
Insert into BBS.BBSCONTENT (BBS_ID,ARTICLE_ID,REPLY_ID) values ('test','2023042617371068',0);
Insert into BBS.BBSCONTENT (BBS_ID,ARTICLE_ID,REPLY_ID) values ('test','2023042617371143',0);
Insert into BBS.BBSCONTENT (BBS_ID,ARTICLE_ID,REPLY_ID) values ('test','2023042617371167',0);
Insert into BBS.BBSCONTENT (BBS_ID,ARTICLE_ID,REPLY_ID) values ('test','2023042617371247',0);
Insert into BBS.BBSCONTENT (BBS_ID,ARTICLE_ID,REPLY_ID) values ('test','2023042617371267',0);
Insert into BBS.BBSCONTENT (BBS_ID,ARTICLE_ID,REPLY_ID) values ('test','2023042617371324',0);
Insert into BBS.BBSCONTENT (BBS_ID,ARTICLE_ID,REPLY_ID) values ('test','2023042617371335',0);
Insert into BBS.BBSCONTENT (BBS_ID,ARTICLE_ID,REPLY_ID) values ('test','2023042617371417',0);
Insert into BBS.BBSCONTENT (BBS_ID,ARTICLE_ID,REPLY_ID) values ('test','2023042617371452',0);
Insert into BBS.BBSCONTENT (BBS_ID,ARTICLE_ID,REPLY_ID) values ('test','2023042617371534',0);
Insert into BBS.BBSCONTENT (BBS_ID,ARTICLE_ID,REPLY_ID) values ('test','2023042617371639',0);
Insert into BBS.BBSCONTENT (BBS_ID,ARTICLE_ID,REPLY_ID) values ('test','2023042617371668',0);
Insert into BBS.BBSCONTENT (BBS_ID,ARTICLE_ID,REPLY_ID) values ('test','2023042617371716',0);
Insert into BBS.BBSCONTENT (BBS_ID,ARTICLE_ID,REPLY_ID) values ('test','2023042617371794',0);
Insert into BBS.BBSCONTENT (BBS_ID,ARTICLE_ID,REPLY_ID) values ('test','2023042617371809',0);
Insert into BBS.BBSCONTENT (BBS_ID,ARTICLE_ID,REPLY_ID) values ('test','2023042617371896',0);
Insert into BBS.BBSCONTENT (BBS_ID,ARTICLE_ID,REPLY_ID) values ('test','2023042617371948',0);
Insert into BBS.BBSCONTENT (BBS_ID,ARTICLE_ID,REPLY_ID) values ('test','2023042617371963',0);
Insert into BBS.BBSCONTENT (BBS_ID,ARTICLE_ID,REPLY_ID) values ('test','2023042617372005',0);
Insert into BBS.BBSCONTENT (BBS_ID,ARTICLE_ID,REPLY_ID) values ('test','2023042617372012',0);
Insert into BBS.BBSCONTENT (BBS_ID,ARTICLE_ID,REPLY_ID) values ('test','2023042617372109',0);
Insert into BBS.BBSCONTENT (BBS_ID,ARTICLE_ID,REPLY_ID) values ('test','2023042617372122',0);
Insert into BBS.BBSCONTENT (BBS_ID,ARTICLE_ID,REPLY_ID) values ('test','2023042617372231',0);
Insert into BBS.BBSCONTENT (BBS_ID,ARTICLE_ID,REPLY_ID) values ('test','2023042617372254',0);
Insert into BBS.BBSCONTENT (BBS_ID,ARTICLE_ID,REPLY_ID) values ('test','2023042617372331',0);
Insert into BBS.BBSCONTENT (BBS_ID,ARTICLE_ID,REPLY_ID) values ('test','2023042617372486',0);
Insert into BBS.BBSCONTENT (BBS_ID,ARTICLE_ID,REPLY_ID) values ('test','2023042617372498',0);
Insert into BBS.BBSCONTENT (BBS_ID,ARTICLE_ID,REPLY_ID) values ('test','2023042617372522',0);
Insert into BBS.BBSCONTENT (BBS_ID,ARTICLE_ID,REPLY_ID) values ('test','2023042617372579',0);
Insert into BBS.BBSCONTENT (BBS_ID,ARTICLE_ID,REPLY_ID) values ('test','2023042617372610',0);
Insert into BBS.BBSCONTENT (BBS_ID,ARTICLE_ID,REPLY_ID) values ('test','2023042617372618',0);
Insert into BBS.BBSCONTENT (BBS_ID,ARTICLE_ID,REPLY_ID) values ('test','2023042617372743',0);
Insert into BBS.BBSCONTENT (BBS_ID,ARTICLE_ID,REPLY_ID) values ('test','2023042617372794',0);
Insert into BBS.BBSCONTENT (BBS_ID,ARTICLE_ID,REPLY_ID) values ('test','2023042617372840',0);
Insert into BBS.BBSCONTENT (BBS_ID,ARTICLE_ID,REPLY_ID) values ('test','2023042617373425',0);
Insert into BBS.BBSCONTENT (BBS_ID,ARTICLE_ID,REPLY_ID) values ('test','2023042617373511',0);
Insert into BBS.BBSCONTENT (BBS_ID,ARTICLE_ID,REPLY_ID) values ('test','2023042617373546',0);
Insert into BBS.BBSCONTENT (BBS_ID,ARTICLE_ID,REPLY_ID) values ('test','2023042617373665',0);
Insert into BBS.BBSCONTENT (BBS_ID,ARTICLE_ID,REPLY_ID) values ('test','2023042617373676',0);
Insert into BBS.BBSCONTENT (BBS_ID,ARTICLE_ID,REPLY_ID) values ('test','2023042617373735',0);
Insert into BBS.BBSCONTENT (BBS_ID,ARTICLE_ID,REPLY_ID) values ('test','2023042617373743',0);
Insert into BBS.BBSCONTENT (BBS_ID,ARTICLE_ID,REPLY_ID) values ('test','2023042617373810',0);
Insert into BBS.BBSCONTENT (BBS_ID,ARTICLE_ID,REPLY_ID) values ('test','2023042617373893',0);
Insert into BBS.BBSCONTENT (BBS_ID,ARTICLE_ID,REPLY_ID) values ('test','2023042617373903',0);
Insert into BBS.BBSCONTENT (BBS_ID,ARTICLE_ID,REPLY_ID) values ('test','2023042617373963',0);
Insert into BBS.BBSCONTENT (BBS_ID,ARTICLE_ID,REPLY_ID) values ('test','2023042617374025',0);
Insert into BBS.BBSCONTENT (BBS_ID,ARTICLE_ID,REPLY_ID) values ('test','2023042617374032',0);
Insert into BBS.BBSCONTENT (BBS_ID,ARTICLE_ID,REPLY_ID) values ('test','2023042617374197',0);
Insert into BBS.BBSCONTENT (BBS_ID,ARTICLE_ID,REPLY_ID) values ('test','2023042617374265',0);
Insert into BBS.BBSCONTENT (BBS_ID,ARTICLE_ID,REPLY_ID) values ('test','2023042617374267',0);
Insert into BBS.BBSCONTENT (BBS_ID,ARTICLE_ID,REPLY_ID) values ('test','2023042617374328',0);
Insert into BBS.BBSCONTENT (BBS_ID,ARTICLE_ID,REPLY_ID) values ('test','2023042617374361',0);
Insert into BBS.BBSCONTENT (BBS_ID,ARTICLE_ID,REPLY_ID) values ('test','2023042617374469',0);
Insert into BBS.BBSCONTENT (BBS_ID,ARTICLE_ID,REPLY_ID) values ('test','2023042617374470',0);
Insert into BBS.BBSCONTENT (BBS_ID,ARTICLE_ID,REPLY_ID) values ('test','2023042617374510',0);
Insert into BBS.BBSCONTENT (BBS_ID,ARTICLE_ID,REPLY_ID) values ('test','2023042617374594',0);
Insert into BBS.BBSCONTENT (BBS_ID,ARTICLE_ID,REPLY_ID) values ('test','2023042617374616',0);
Insert into BBS.BBSCONTENT (BBS_ID,ARTICLE_ID,REPLY_ID) values ('test','2023042617374638',0);
Insert into BBS.BBSCONTENT (BBS_ID,ARTICLE_ID,REPLY_ID) values ('test','2023042617374717',0);
Insert into BBS.BBSCONTENT (BBS_ID,ARTICLE_ID,REPLY_ID) values ('test','2023042617374779',0);
Insert into BBS.BBSCONTENT (BBS_ID,ARTICLE_ID,REPLY_ID) values ('test','2023042617374831',0);
Insert into BBS.BBSCONTENT (BBS_ID,ARTICLE_ID,REPLY_ID) values ('test','2023042617374878',0);
Insert into BBS.BBSCONTENT (BBS_ID,ARTICLE_ID,REPLY_ID) values ('test','2023042617374981',0);
Insert into BBS.BBSCONTENT (BBS_ID,ARTICLE_ID,REPLY_ID) values ('test','2023042617375055',0);
Insert into BBS.BBSCONTENT (BBS_ID,ARTICLE_ID,REPLY_ID) values ('test','2023042617375087',0);
Insert into BBS.BBSCONTENT (BBS_ID,ARTICLE_ID,REPLY_ID) values ('test','2023042617375169',0);
Insert into BBS.BBSCONTENT (BBS_ID,ARTICLE_ID,REPLY_ID) values ('test','2023042617375171',0);
Insert into BBS.BBSCONTENT (BBS_ID,ARTICLE_ID,REPLY_ID) values ('test','2023042617375202',0);
Insert into BBS.BBSCONTENT (BBS_ID,ARTICLE_ID,REPLY_ID) values ('test','2023042617375298',0);
Insert into BBS.BBSCONTENT (BBS_ID,ARTICLE_ID,REPLY_ID) values ('test','2023042617375380',0);
Insert into BBS.BBSCONTENT (BBS_ID,ARTICLE_ID,REPLY_ID) values ('test','2023042617375385',0);
Insert into BBS.BBSCONTENT (BBS_ID,ARTICLE_ID,REPLY_ID) values ('test','2023042617375407',0);
Insert into BBS.BBSCONTENT (BBS_ID,ARTICLE_ID,REPLY_ID) values ('test','2023042617375451',0);
Insert into BBS.BBSCONTENT (BBS_ID,ARTICLE_ID,REPLY_ID) values ('test','2023042617375527',0);
Insert into BBS.BBSCONTENT (BBS_ID,ARTICLE_ID,REPLY_ID) values ('test','2023042617375552',0);
Insert into BBS.BBSCONTENT (BBS_ID,ARTICLE_ID,REPLY_ID) values ('test','2023042617375668',0);
Insert into BBS.BBSCONTENT (BBS_ID,ARTICLE_ID,REPLY_ID) values ('test','2023042617375698',0);
Insert into BBS.BBSCONTENT (BBS_ID,ARTICLE_ID,REPLY_ID) values ('test','2023042617375738',0);
Insert into BBS.BBSCONTENT (BBS_ID,ARTICLE_ID,REPLY_ID) values ('test','2023042617375843',0);
Insert into BBS.BBSCONTENT (BBS_ID,ARTICLE_ID,REPLY_ID) values ('test','2023042617375867',0);
Insert into BBS.BBSCONTENT (BBS_ID,ARTICLE_ID,REPLY_ID) values ('test','2023042617375947',0);
Insert into BBS.BBSCONTENT (BBS_ID,ARTICLE_ID,REPLY_ID) values ('test','2023042617375967',0);
Insert into BBS.BBSCONTENT (BBS_ID,ARTICLE_ID,REPLY_ID) values ('test','2023042617380024',0);
Insert into BBS.BBSCONTENT (BBS_ID,ARTICLE_ID,REPLY_ID) values ('test','2023042617380035',0);
Insert into BBS.BBSCONTENT (BBS_ID,ARTICLE_ID,REPLY_ID) values ('test','2023042617380117',0);
Insert into BBS.BBSCONTENT (BBS_ID,ARTICLE_ID,REPLY_ID) values ('test','2023042617380152',0);
Insert into BBS.BBSCONTENT (BBS_ID,ARTICLE_ID,REPLY_ID) values ('test','2023042617380234',0);
Insert into BBS.BBSCONTENT (BBS_ID,ARTICLE_ID,REPLY_ID) values ('test','2023042617380268',0);
Insert into BBS.BBSCONTENT (BBS_ID,ARTICLE_ID,REPLY_ID) values ('test','2023042617380316',0);
Insert into BBS.BBSCONTENT (BBS_ID,ARTICLE_ID,REPLY_ID) values ('test','2023042617380339',0);
Insert into BBS.BBSCONTENT (BBS_ID,ARTICLE_ID,REPLY_ID) values ('test','2023042617380494',0);
Insert into BBS.BBSCONTENT (BBS_ID,ARTICLE_ID,REPLY_ID) values ('test','2023042617380509',0);
Insert into BBS.BBSCONTENT (BBS_ID,ARTICLE_ID,REPLY_ID) values ('test','2023042617380596',0);
Insert into BBS.BBSCONTENT (BBS_ID,ARTICLE_ID,REPLY_ID) values ('test','2023042617380648',0);
Insert into BBS.BBSCONTENT (BBS_ID,ARTICLE_ID,REPLY_ID) values ('test','2023042617380663',0);
Insert into BBS.BBSCONTENT (BBS_ID,ARTICLE_ID,REPLY_ID) values ('test','2023042617380705',0);
Insert into BBS.BBSCONTENT (BBS_ID,ARTICLE_ID,REPLY_ID) values ('test','2023042617380712',0);
Insert into BBS.BBSCONTENT (BBS_ID,ARTICLE_ID,REPLY_ID) values ('test','2023042617380809',0);
Insert into BBS.BBSCONTENT (BBS_ID,ARTICLE_ID,REPLY_ID) values ('test','2023042617380822',0);
Insert into BBS.BBSCONTENT (BBS_ID,ARTICLE_ID,REPLY_ID) values ('test','2023042617380931',0);
Insert into BBS.BBSCONTENT (BBS_ID,ARTICLE_ID,REPLY_ID) values ('test','2023042617380954',0);
Insert into BBS.BBSCONTENT (BBS_ID,ARTICLE_ID,REPLY_ID) values ('test','2023042617381031',0);
Insert into BBS.BBSCONTENT (BBS_ID,ARTICLE_ID,REPLY_ID) values ('test','2023042617381098',0);
Insert into BBS.BBSCONTENT (BBS_ID,ARTICLE_ID,REPLY_ID) values ('test','2023042617381179',0);
Insert into BBS.BBSCONTENT (BBS_ID,ARTICLE_ID,REPLY_ID) values ('test','2023042617381186',0);
Insert into BBS.BBSCONTENT (BBS_ID,ARTICLE_ID,REPLY_ID) values ('test','2023042617381222',0);
Insert into BBS.BBSCONTENT (BBS_ID,ARTICLE_ID,REPLY_ID) values ('test','2023042617381310',0);
Insert into BBS.BBSCONTENT (BBS_ID,ARTICLE_ID,REPLY_ID) values ('test','2023042617381318',0);
Insert into BBS.BBSCONTENT (BBS_ID,ARTICLE_ID,REPLY_ID) values ('test','2023042617381443',0);
Insert into BBS.BBSCONTENT (BBS_ID,ARTICLE_ID,REPLY_ID) values ('test','2023042617381494',0);
Insert into BBS.BBSCONTENT (BBS_ID,ARTICLE_ID,REPLY_ID) values ('test','2023042617381540',0);
--------------------------------------------------------
--  DDL for Index BBSARTICLE_PK
--------------------------------------------------------

  CREATE UNIQUE INDEX "BBS"."BBSARTICLE_PK" ON "BBS"."BBSARTICLE" ("BBS_ID", "ARTICLE_ID", "REPLY_ID") 
  PCTFREE 10 INITRANS 2 MAXTRANS 255 COMPUTE STATISTICS 
  STORAGE(INITIAL 65536 NEXT 1048576 MINEXTENTS 1 MAXEXTENTS 2147483645
  PCTINCREASE 0 FREELISTS 1 FREELIST GROUPS 1
  BUFFER_POOL DEFAULT FLASH_CACHE DEFAULT CELL_FLASH_CACHE DEFAULT)
  TABLESPACE "USERS" ;
--------------------------------------------------------
--  DDL for Index BBSBOARD_PK
--------------------------------------------------------

  CREATE UNIQUE INDEX "BBS"."BBSBOARD_PK" ON "BBS"."BBSBOARD" ("BBS_ID", "BBS_TYPE") 
  PCTFREE 10 INITRANS 2 MAXTRANS 255 COMPUTE STATISTICS 
  STORAGE(INITIAL 65536 NEXT 1048576 MINEXTENTS 1 MAXEXTENTS 2147483645
  PCTINCREASE 0 FREELISTS 1 FREELIST GROUPS 1
  BUFFER_POOL DEFAULT FLASH_CACHE DEFAULT CELL_FLASH_CACHE DEFAULT)
  TABLESPACE "USERS" ;
--------------------------------------------------------
--  DDL for Index BBSCONTENT_PK
--------------------------------------------------------

  CREATE UNIQUE INDEX "BBS"."BBSCONTENT_PK" ON "BBS"."BBSCONTENT" ("BBS_ID", "ARTICLE_ID", "REPLY_ID") 
  PCTFREE 10 INITRANS 2 MAXTRANS 255 COMPUTE STATISTICS 
  STORAGE(INITIAL 65536 NEXT 1048576 MINEXTENTS 1 MAXEXTENTS 2147483645
  PCTINCREASE 0 FREELISTS 1 FREELIST GROUPS 1
  BUFFER_POOL DEFAULT FLASH_CACHE DEFAULT CELL_FLASH_CACHE DEFAULT)
  TABLESPACE "USERS" ;
--------------------------------------------------------
--  DDL for Index IDX_BBSARTICLE
--------------------------------------------------------

  CREATE INDEX "BBS"."IDX_BBSARTICLE" ON "BBS"."BBSARTICLE" ("BBS_ID", "ARTICLE_ID" DESC, "REPLY_ID") 
  PCTFREE 10 INITRANS 2 MAXTRANS 255 COMPUTE STATISTICS 
  STORAGE(INITIAL 65536 NEXT 1048576 MINEXTENTS 1 MAXEXTENTS 2147483645
  PCTINCREASE 0 FREELISTS 1 FREELIST GROUPS 1
  BUFFER_POOL DEFAULT FLASH_CACHE DEFAULT CELL_FLASH_CACHE DEFAULT)
  TABLESPACE "USERS" ;
--------------------------------------------------------
--  DDL for Index IDX_BBSBOARD
--------------------------------------------------------

  CREATE INDEX "BBS"."IDX_BBSBOARD" ON "BBS"."BBSBOARD" ("BBS_ID") 
  PCTFREE 10 INITRANS 2 MAXTRANS 255 COMPUTE STATISTICS 
  STORAGE(INITIAL 65536 NEXT 1048576 MINEXTENTS 1 MAXEXTENTS 2147483645
  PCTINCREASE 0 FREELISTS 1 FREELIST GROUPS 1
  BUFFER_POOL DEFAULT FLASH_CACHE DEFAULT CELL_FLASH_CACHE DEFAULT)
  TABLESPACE "USERS" ;
--------------------------------------------------------
--  DDL for Index IDX_BBSCONTENT
--------------------------------------------------------

  CREATE INDEX "BBS"."IDX_BBSCONTENT" ON "BBS"."BBSCONTENT" ("BBS_ID", "ARTICLE_ID" DESC, "REPLY_ID") 
  PCTFREE 10 INITRANS 2 MAXTRANS 255 COMPUTE STATISTICS 
  STORAGE(INITIAL 65536 NEXT 1048576 MINEXTENTS 1 MAXEXTENTS 2147483645
  PCTINCREASE 0 FREELISTS 1 FREELIST GROUPS 1
  BUFFER_POOL DEFAULT FLASH_CACHE DEFAULT CELL_FLASH_CACHE DEFAULT)
  TABLESPACE "USERS" ;
--------------------------------------------------------
--  DDL for Index BBSARTICLE_PK
--------------------------------------------------------

  CREATE UNIQUE INDEX "BBS"."BBSARTICLE_PK" ON "BBS"."BBSARTICLE" ("BBS_ID", "ARTICLE_ID", "REPLY_ID") 
  PCTFREE 10 INITRANS 2 MAXTRANS 255 COMPUTE STATISTICS 
  STORAGE(INITIAL 65536 NEXT 1048576 MINEXTENTS 1 MAXEXTENTS 2147483645
  PCTINCREASE 0 FREELISTS 1 FREELIST GROUPS 1
  BUFFER_POOL DEFAULT FLASH_CACHE DEFAULT CELL_FLASH_CACHE DEFAULT)
  TABLESPACE "USERS" ;
--------------------------------------------------------
--  DDL for Index IDX_BBSARTICLE
--------------------------------------------------------

  CREATE INDEX "BBS"."IDX_BBSARTICLE" ON "BBS"."BBSARTICLE" ("BBS_ID", "ARTICLE_ID" DESC, "REPLY_ID") 
  PCTFREE 10 INITRANS 2 MAXTRANS 255 COMPUTE STATISTICS 
  STORAGE(INITIAL 65536 NEXT 1048576 MINEXTENTS 1 MAXEXTENTS 2147483645
  PCTINCREASE 0 FREELISTS 1 FREELIST GROUPS 1
  BUFFER_POOL DEFAULT FLASH_CACHE DEFAULT CELL_FLASH_CACHE DEFAULT)
  TABLESPACE "USERS" ;
--------------------------------------------------------
--  DDL for Index BBSBOARD_PK
--------------------------------------------------------

  CREATE UNIQUE INDEX "BBS"."BBSBOARD_PK" ON "BBS"."BBSBOARD" ("BBS_ID", "BBS_TYPE") 
  PCTFREE 10 INITRANS 2 MAXTRANS 255 COMPUTE STATISTICS 
  STORAGE(INITIAL 65536 NEXT 1048576 MINEXTENTS 1 MAXEXTENTS 2147483645
  PCTINCREASE 0 FREELISTS 1 FREELIST GROUPS 1
  BUFFER_POOL DEFAULT FLASH_CACHE DEFAULT CELL_FLASH_CACHE DEFAULT)
  TABLESPACE "USERS" ;
--------------------------------------------------------
--  DDL for Index IDX_BBSBOARD
--------------------------------------------------------

  CREATE INDEX "BBS"."IDX_BBSBOARD" ON "BBS"."BBSBOARD" ("BBS_ID") 
  PCTFREE 10 INITRANS 2 MAXTRANS 255 COMPUTE STATISTICS 
  STORAGE(INITIAL 65536 NEXT 1048576 MINEXTENTS 1 MAXEXTENTS 2147483645
  PCTINCREASE 0 FREELISTS 1 FREELIST GROUPS 1
  BUFFER_POOL DEFAULT FLASH_CACHE DEFAULT CELL_FLASH_CACHE DEFAULT)
  TABLESPACE "USERS" ;
--------------------------------------------------------
--  DDL for Index IDX_BBSCONTENT
--------------------------------------------------------

  CREATE INDEX "BBS"."IDX_BBSCONTENT" ON "BBS"."BBSCONTENT" ("BBS_ID", "ARTICLE_ID" DESC, "REPLY_ID") 
  PCTFREE 10 INITRANS 2 MAXTRANS 255 COMPUTE STATISTICS 
  STORAGE(INITIAL 65536 NEXT 1048576 MINEXTENTS 1 MAXEXTENTS 2147483645
  PCTINCREASE 0 FREELISTS 1 FREELIST GROUPS 1
  BUFFER_POOL DEFAULT FLASH_CACHE DEFAULT CELL_FLASH_CACHE DEFAULT)
  TABLESPACE "USERS" ;
--------------------------------------------------------
--  DDL for Index BBSCONTENT_PK
--------------------------------------------------------

  CREATE UNIQUE INDEX "BBS"."BBSCONTENT_PK" ON "BBS"."BBSCONTENT" ("BBS_ID", "ARTICLE_ID", "REPLY_ID") 
  PCTFREE 10 INITRANS 2 MAXTRANS 255 COMPUTE STATISTICS 
  STORAGE(INITIAL 65536 NEXT 1048576 MINEXTENTS 1 MAXEXTENTS 2147483645
  PCTINCREASE 0 FREELISTS 1 FREELIST GROUPS 1
  BUFFER_POOL DEFAULT FLASH_CACHE DEFAULT CELL_FLASH_CACHE DEFAULT)
  TABLESPACE "USERS" ;
--------------------------------------------------------
--  DDL for Package PKG_BBS_ARTICLE
--------------------------------------------------------

  CREATE OR REPLACE EDITIONABLE PACKAGE "BBS"."PKG_BBS_ARTICLE" 
AS    
    TYPE cv_result IS REF CURSOR;

    PROCEDURE List_By_Page
    (
        p_bbs_id            IN      bbsarticle.bbs_id%TYPE,
        p_keyword_t         IN      VARCHAR2,
        p_page_no           IN      INTEGER,
        p_page_size         IN      INTEGER,
        p_result            OUT     cv_result,
        p_total_count       OUT     INTEGER,
        p_page_count        OUT     INTEGER
    );

    PROCEDURE List_All
    (
        p_bbs_id            IN      bbsarticle.bbs_id%TYPE,
        p_result            OUT     cv_result
    );

    PROCEDURE Delete_Article
    (
        p_bbs_id            IN      bbsarticle.bbs_id%TYPE,
        p_article_id        IN      bbsarticle.article_id%TYPE,
        p_reply_id          IN      bbsarticle.reply_id%TYPE,
        p_result            OUT     INTEGER
    );

    PROCEDURE Read_Article
    (
        p_bbs_id            IN      bbsarticle.bbs_id%TYPE,
        p_article_id        IN      bbsarticle.article_id%TYPE,
        p_reply_id          IN      bbsarticle.reply_id%TYPE,
        p_is_increase_count IN      CHAR,
        p_result            OUT     cv_result
    );

    PROCEDURE Reply_Article
    (
        p_bbs_id            IN      bbsarticle.bbs_id%TYPE,
        p_article_id        IN      bbsarticle.article_id%TYPE,
        p_article_type      IN      bbsarticle.article_type%TYPE,
        p_title             IN      bbsarticle.title%TYPE,
        p_writer            IN      bbsarticle.writer%TYPE,
        p_written_time      IN      bbsarticle.written_time%TYPE,
        p_article_password  IN      bbsarticle.article_password%TYPE,
        p_contents          IN      bbscontent.contents%TYPE,
        p_result            OUT     INTEGER,
        p_reply_id_new      OUT     bbsarticle.reply_id%TYPE
    );

    PROCEDURE Search_Article_By_Title
    (
        p_bbs_id            IN      bbsarticle.bbs_id%TYPE,
        p_title             IN      bbsarticle.title%TYPE,
        p_result            OUT     cv_result
    );

    PROCEDURE Update_Article
    (
        p_bbs_id            IN      bbsarticle.bbs_id%TYPE,
        p_article_id        IN      bbsarticle.article_id%TYPE,
        p_reply_id          IN      bbsarticle.reply_id%TYPE,
        p_article_type      IN      bbsarticle.article_type%TYPE,
        p_title             IN      bbsarticle.title%TYPE,
        p_article_password  IN      bbsarticle.article_password%TYPE,
        p_is_deleted        IN      bbsarticle.is_deleted%TYPE,
        p_contents          IN      bbscontent.contents%TYPE,
        p_result            OUT     INTEGER
    );

    PROCEDURE Write_Article
    (
        p_bbs_id            IN      bbsarticle.bbs_id%TYPE,
        p_article_id        IN      bbsarticle.article_id%TYPE,
        p_article_type      IN      bbsarticle.article_type%TYPE,
        p_title             IN      bbsarticle.title%TYPE,
        p_writer            IN      bbsarticle.writer%TYPE,
        p_written_time      IN      bbsarticle.written_time%TYPE,
        p_article_password  IN      bbsarticle.article_password%TYPE,
        p_contents          IN      bbscontent.contents%TYPE,
        p_result            OUT     INTEGER,
        p_reply_id_new      OUT     bbsarticle.reply_id%TYPE
    );

END PKG_BBS_Article;

/
--------------------------------------------------------
--  DDL for Package PKG_BBS_BOARD
--------------------------------------------------------

  CREATE OR REPLACE EDITIONABLE PACKAGE "BBS"."PKG_BBS_BOARD" 
AS 
    TYPE cv_result IS REF CURSOR;

    PROCEDURE List_All
    (
        p_result            OUT     cv_result
    );

    PROCEDURE Create_Board
    (
        p_bbs_id            IN      bbsboard.bbs_id%TYPE,
        p_bbs_name          IN      bbsboard.bbs_name%TYPE,
        p_bbs_type          IN      bbsboard.bbs_type%TYPE,
        p_created_time      IN      bbsboard.created_time%TYPE,
        p_result            OUT     INTEGER
    );

    PROCEDURE Delete_Board
    (
        p_bbs_id            IN      bbsboard.bbs_id%TYPE,
        p_result            OUT     INTEGER
    );

    PROCEDURE Get_Board
    (
        p_bbs_id            IN      bbsboard.bbs_id%TYPE,
        p_result            OUT     cv_result
    );

    PROCEDURE Update_Board
    (
        p_bbs_id            IN      bbsboard.bbs_id%TYPE,
        p_bbs_name          IN      bbsboard.bbs_name%TYPE,
        p_bbs_type          IN      bbsboard.bbs_type%TYPE,
        p_is_enabled        IN      bbsboard.is_enabled%TYPE,
        p_result            OUT     INTEGER
    );

END PKG_BBS_Board;

/
--------------------------------------------------------
--  DDL for Package Body PKG_BBS_ARTICLE
--------------------------------------------------------

  CREATE OR REPLACE EDITIONABLE PACKAGE BODY "BBS"."PKG_BBS_ARTICLE" AS

    PROCEDURE List_By_Page
    (
        p_bbs_id            IN      bbsarticle.bbs_id%TYPE,
        p_keyword_t         IN      VARCHAR2,
        p_page_no           IN      INTEGER,
        p_page_size         IN      INTEGER,
        p_result            OUT     cv_result,
        p_total_count       OUT     INTEGER,
        p_page_count        OUT     INTEGER
    )
    AS
        v_page_no           INTEGER         := 1;
        v_index_start       INTEGER         := 1;
        v_index_end         INTEGER         := 1;
        v_keyword_t         VARCHAR2(200)   := '';
    BEGIN
        v_page_no   := p_page_no;
        v_keyword_t := LOWER(p_keyword_t);

        SELECT 
                COUNT(article_id)
            INTO p_total_count
            FROM bbsarticle
            WHERE 
                bbs_id = p_bbs_id AND reply_id = 0 AND LOWER(title) LIKE '%' || v_keyword_t || '%';

        IF p_total_count < 1 THEN
            p_page_count := 0;
            RETURN;
        END IF;

        p_page_count := p_total_count / p_page_size;
        IF MOD(p_total_count, p_page_size) > 0 THEN
            p_page_count := p_page_count + 1;
        END IF;

        IF v_page_no > p_page_count OR v_page_no < 1 THEN
            v_page_no := 1;
        END IF;

        --v_index_end := v_page_no * p_page_size;
        --v_index_start := v_index_end - p_page_size + 1;

        v_index_start := p_total_count - (v_page_no * p_page_size) + 1;
        IF v_index_start < 1 THEN
            v_index_start := 1;
        END IF;
        
        v_index_end := v_index_start + p_page_size - 1;
        IF v_index_end > p_total_count THEN
            v_index_end := p_total_count;
        END IF;
        
        DBMS_OUTPUT.ENABLE;
        DBMS_OUTPUT.PUT_LINE('v_index_start : ' || v_index_start);
        DBMS_OUTPUT.PUT_LINE('v_index_end : ' || v_index_end);

        OPEN p_result FOR 
            WITH 
            tbl_aid AS (
                SELECT ROWNUM rid, a.*
                FROM 
                    (
                        SELECT 
                            DISTINCT(article_id) aid, written_time
                        FROM bbsarticle 
                        WHERE
                            bbs_id = p_bbs_id AND LOWER(title) LIKE '%' || v_keyword_t || '%'
                        ORDER BY written_time ASC
                    ) a
                --ORDER BY rid DESC
            )
            SELECT 
                    r.rid,
                    a.bbs_id,
                    a.article_id,
                    a.reply_id,
                    a.article_type,
                    a.title,
                    a.writer,
                    a.written_time,
                    a.read_count,
                    a.is_deleted,
                    a.article_password,
                    '' contents,
                    p_total_count AS "ARTICLES_TOTAL_COUNT",
                    0 AS "ATTACHED_FILES_COUNT"
                FROM 
                    tbl_aid r,
                    bbsarticle a
                WHERE 
                    (r.rid BETWEEN v_index_start AND v_index_end) AND
                    a.article_id = r.aid
                ORDER BY r.rid DESC, a.reply_id ASC;
    END List_By_Page;

    PROCEDURE List_All
    (
        p_bbs_id            IN      bbsarticle.bbs_id%TYPE,
        p_result            OUT     cv_result
    ) 
    AS
    BEGIN
        IF p_bbs_id IS NOT NULL AND LENGTH(TRIM(p_bbs_id)) > 0 THEN
            OPEN p_result FOR
                WITH 
                tbl_aid AS (
                    SELECT ROWNUM rid, a.*
                    FROM 
                        (
                            SELECT 
                                article_id aid 
                            FROM bbsarticle 
                            WHERE
                                bbs_id = p_bbs_id AND reply_id = 0 AND is_deleted <> 1    
                        ) a
                )
                SELECT 
                    r.rid,
                    a.bbs_id,
                    a.article_id,
                    a.reply_id,
                    a.article_type,
                    a.title,
                    a.writer,
                    a.written_time,
                    a.read_count,
                    a.is_deleted,
                    a.article_password,
                    '' contents,
                    (
                        SELECT COUNT(rid) FROM tbl_aid
                    ) AS "ARTICLES_TOTAL_COUNT",
                    0 AS "ATTACHED_FILES_COUNT"
                FROM 
                    tbl_aid r,
                    bbsarticle a
                WHERE 
                    a.article_id = r.aid
                ORDER BY r.rid DESC;
        ELSE
            OPEN p_result FOR
                WITH 
                tbl_aid AS (
                    SELECT ROWNUM rid, a.*
                    FROM 
                        (
                            SELECT 
                                article_id aid 
                            FROM bbsarticle 
                            WHERE reply_id = 0 AND is_deleted <> 1
                            ORDER BY written_time ASC
                        ) a    
                )
                SELECT 
                    r.rid,
                    a.bbs_id,
                    a.article_id,
                    a.reply_id,
                    a.article_type,
                    a.title,
                    a.writer,
                    a.written_time,
                    a.read_count,
                    a.is_deleted,
                    a.article_password,
                    '' contents,
                    (
                        SELECT COUNT(rid) FROM tbl_aid
                    ) AS "ARTICLES_TOTAL_COUNT",
                    0 AS "ATTACHED_FILES_COUNT"
                FROM 
                    tbl_aid r,
                    bbsarticle a
                WHERE 
                    a.article_id = r.aid
                ORDER BY r.rid DESC;
        END IF;
    END List_All;

    PROCEDURE Delete_Article
    (
        p_bbs_id            IN      bbsarticle.bbs_id%TYPE,
        p_article_id        IN      bbsarticle.article_id%TYPE,
        p_reply_id          IN      bbsarticle.reply_id%TYPE,
        p_result            OUT     INTEGER
    )
    AS
        v_count     INTEGER             := 0;
        v_errcode   INTEGER             := 0;
        v_errm      VARCHAR2(4096)      := '';
    BEGIN
        SELECT COUNT(article_id) 
            INTO v_count
            FROM bbsarticle
            WHERE bbs_id = p_bbs_id AND article_id = p_article_id AND reply_id = p_reply_id;

        IF v_count > 0 THEN
            UPDATE bbsarticle
                SET is_deleted = '1'
                WHERE bbs_id = p_bbs_id AND article_id = p_article_id AND reply_id = p_reply_id;

            v_count := SQL%ROWCOUNT;

            IF v_count > 0 THEN
                COMMIT;
                v_count := 1;
            ELSE
                ROLLBACK;
                v_count := 0;
            END IF;
        ELSE
            v_count := 0;
        END IF;

        p_result := v_count;

        EXCEPTION
            WHEN OTHERS THEN
                ROLLBACK;
                p_result := -1;
                v_errcode := SQLCODE;
                v_errm := SQLERRM(v_errcode);
                DBMS_OUTPUT.PUT_LINE('ERROR : ' || v_errcode || ' ' || v_errm);
                --RAISE_APPLICATION_ERROR(v_errcode, v_errm);
    END Delete_Article;

    PROCEDURE Read_Article
    (
        p_bbs_id            IN      bbsarticle.bbs_id%TYPE,
        p_article_id        IN      bbsarticle.article_id%TYPE,
        p_reply_id          IN      bbsarticle.reply_id%TYPE,
        p_is_increase_count IN      CHAR,
        p_result            OUT     cv_result
    ) 
    AS
        v_count     INTEGER     := 0;
        v_is_plus   CHAR(200)   := '1';
    BEGIN
        SELECT COUNT(article_id) 
            INTO v_count 
            FROM bbsarticle 
            WHERE bbs_id = p_bbs_id AND article_id = p_article_id AND reply_id = p_reply_id;

        IF v_count < 1 THEN
            RETURN;
        END IF;

        v_count := 0;
        v_is_plus := UPPER(p_is_increase_count);

        IF v_is_plus IN ('1', 'Y', 'T', 'TRUE') THEN
            SELECT read_count 
                INTO v_count
                FROM bbsarticle
                WHERE bbs_id = p_bbs_id AND article_id = p_article_id AND reply_id = p_reply_id;

            UPDATE bbsarticle
                SET read_count = v_count + 1
                WHERE bbs_id = p_bbs_id AND article_id = p_article_id AND reply_id = p_reply_id;
            COMMIT;
        END IF;

        OPEN p_result FOR
            SELECT 
                    a.bbs_id,
                    a.article_id,
                    a.reply_id,
                    a.article_type,
                    a.title,
                    a.writer,
                    a.written_time,
                    a.read_count,
                    a.is_deleted,
                    a.article_password,
                    c.contents  
                FROM bbsarticle a
                JOIN bbscontent c
                ON a.bbs_id = c.bbs_id AND a.article_id = c.article_id AND a.reply_id = c.reply_id
                WHERE a.bbs_id = p_bbs_id AND a.article_id = p_article_id AND a.reply_id = p_reply_id;

        EXCEPTION
            WHEN OTHERS THEN
                ROLLBACK;
                DBMS_OUTPUT.PUT_LINE('ERROR : ' || SQLCODE || ' ' || SQLERRM(SQLCODE));
    END Read_Article;

    PROCEDURE Reply_Article
    (
        p_bbs_id            IN      bbsarticle.bbs_id%TYPE,
        p_article_id        IN      bbsarticle.article_id%TYPE,
        p_article_type      IN      bbsarticle.article_type%TYPE,
        p_title             IN      bbsarticle.title%TYPE,
        p_writer            IN      bbsarticle.writer%TYPE,
        p_written_time      IN      bbsarticle.written_time%TYPE,
        p_article_password  IN      bbsarticle.article_password%TYPE,
        p_contents          IN      bbscontent.contents%TYPE,
        p_result            OUT     INTEGER,
        p_reply_id_new      OUT     bbsarticle.reply_id%TYPE
    ) 
    AS
        v_count         INTEGER                     := 0;
        v_new_reply_id  bbsarticle.reply_id%TYPE    := -1;
        v_errcode       INTEGER                     := 0;
        v_errm          VARCHAR2(4096)              := '';
    BEGIN
        SELECT COUNT(article_id)
            INTO v_count
            FROM bbsarticle
            WHERE bbs_id = p_bbs_id AND article_id = p_article_id AND reply_id = 0;

        IF v_count < 1 THEN
            v_count := 0;
        ELSE
            SELECT MAX(reply_id) + 1 INTO v_new_reply_id FROM bbsarticle WHERE bbs_id = p_bbs_id AND article_id = p_article_id;

            INSERT INTO bbsarticle
            (
                bbs_id,
                article_id,
                reply_id,
                article_type,
                title,
                writer,
                written_time,
                read_count,
                is_deleted,
                article_password
            )
            VALUES
            (
                p_bbs_id,
                p_article_id,
                v_new_reply_id,
                p_article_type,
                p_title,
                p_writer,
                p_written_time,
                0,
                '0',
                p_article_password
            );

            v_count := SQL%ROWCOUNT;

            IF v_count > 0 THEN
                INSERT INTO bbscontent
                (
                    bbs_id,
                    article_id,
                    reply_id,
                    contents
                )
                VALUES
                (
                    p_bbs_id,
                    p_article_id,
                    v_new_reply_id,
                    p_contents
                );

                v_count := SQL%ROWCOUNT;

                IF v_count > 0 THEN
                    COMMIT;
                    v_count := 1;
                ELSE
                    ROLLBACK;
                    v_count := 0;
                END IF;
            ELSE
                ROLLBACK;
                v_count := 0;
            END IF;            
        END IF;

        p_result := v_count;
        p_reply_id_new := v_new_reply_id;

        EXCEPTION
            WHEN OTHERS THEN
                ROLLBACK;
                p_result := -1;
                v_errcode := SQLCODE;
                v_errm := SQLERRM(v_errcode);
                DBMS_OUTPUT.PUT_LINE('ERROR : ' || v_errcode || ' ' || v_errm);
                --RAISE_APPLICATION_ERROR(v_errcode, v_errm);
    END Reply_Article;

    PROCEDURE Search_Article_By_Title
    (
        p_bbs_id            IN      bbsarticle.bbs_id%TYPE,
        p_title             IN      bbsarticle.title%TYPE,
        p_result            OUT     cv_result
    ) 
    AS
    BEGIN
        OPEN p_result FOR
            SELECT * 
                FROM bbsarticle
                WHERE bbs_id = p_bbs_id AND title LIKE '%' || p_title || '%'
                ORDER BY article_id DESC, reply_id ASC;
    END Search_Article_By_Title;

    PROCEDURE Update_Article
    (
        p_bbs_id            IN      bbsarticle.bbs_id%TYPE,
        p_article_id        IN      bbsarticle.article_id%TYPE,
        p_reply_id          IN      bbsarticle.reply_id%TYPE,
        p_article_type      IN      bbsarticle.article_type%TYPE,
        p_title             IN      bbsarticle.title%TYPE,
        p_article_password  IN      bbsarticle.article_password%TYPE,
        p_is_deleted        IN      bbsarticle.is_deleted%TYPE,
        p_contents          IN      bbscontent.contents%TYPE,
        p_result            OUT     INTEGER
    )
    AS
        v_count     INTEGER              := 0;
        v_errcode   INTEGER              := 0;
        v_errm      VARCHAR2(4096)       := '';
    BEGIN
        SELECT COUNT(article_id)
            INTO v_count
            FROM bbsarticle
            WHERE bbs_id = p_bbs_id AND article_id = p_article_id AND reply_id = p_reply_id;

        IF v_count < 1 THEN
            v_count := 0;
        ELSE
            UPDATE bbsarticle
                SET
                    article_type = p_article_type,
                    title = p_title,
                    article_password = p_article_password,
                    is_deleted = p_is_deleted
                WHERE bbs_id = p_bbs_id AND article_id = p_article_id AND reply_id = p_reply_id;

            v_count := SQL%ROWCOUNT;

            IF v_count > 0 THEN
                UPDATE bbscontent
                    SET contents = p_contents
                    WHERE bbs_id = p_bbs_id AND article_id = p_article_id AND reply_id = p_reply_id;

                v_count := SQL%ROWCOUNT;

                IF v_count > 0 THEN
                    COMMIT;
                    v_count := 1;
                ELSE
                    ROLLBACK;
                    v_count := 0;
                END IF;    
            ELSE
                ROLLBACK;
                v_count := 0;
            END IF;
        END IF;

        p_result := v_count;

        EXCEPTION
            WHEN OTHERS THEN
                ROLLBACK;
                p_result := -1;
                v_errcode := SQLCODE;
                v_errm := SQLERRM(v_errcode);
                DBMS_OUTPUT.PUT_LINE('ERROR : ' || v_errcode || ' ' || v_errm);
                --RAISE_APPLICATION_ERROR(v_errcode, v_errm);
    END Update_Article;

    PROCEDURE Write_Article
    (
        p_bbs_id            IN      bbsarticle.bbs_id%TYPE,
        p_article_id        IN      bbsarticle.article_id%TYPE,
        p_article_type      IN      bbsarticle.article_type%TYPE,
        p_title             IN      bbsarticle.title%TYPE,
        p_writer            IN      bbsarticle.writer%TYPE,
        p_written_time      IN      bbsarticle.written_time%TYPE,
        p_article_password  IN      bbsarticle.article_password%TYPE,
        p_contents          IN      bbscontent.contents%TYPE,
        p_result            OUT     INTEGER,
        p_reply_id_new      OUT     bbsarticle.reply_id%TYPE
    ) 
    AS
        v_count         INTEGER                     := 0;
        v_new_reply_id  bbsarticle.reply_id%TYPE    := -1;
        v_errcode       INTEGER                     := 0;
        v_errm          VARCHAR2(4096)              := '';
    BEGIN
        SELECT COUNT(article_id)
            INTO v_count
            FROM bbsarticle
            WHERE bbs_id = p_bbs_id AND article_id = p_article_id AND reply_id = 0;

        IF v_count >= 1 THEN
            v_count := 0;
        ELSE
            v_new_reply_id := 0;

            INSERT INTO bbsarticle
            (
                bbs_id,
                article_id,
                reply_id,
                article_type,
                title,
                writer,
                written_time,
                read_count,
                is_deleted,
                article_password
            )
            VALUES
            (
                p_bbs_id,
                p_article_id,
                v_new_reply_id,
                p_article_type,
                p_title,
                p_writer,
                p_written_time,
                0,
                '0',
                p_article_password
            );

            v_count := SQL%ROWCOUNT;

            IF v_count > 0 THEN
                INSERT INTO bbscontent
                (
                    bbs_id,
                    article_id,
                    reply_id,
                    contents
                )
                VALUES
                (
                    p_bbs_id,
                    p_article_id,
                    v_new_reply_id,
                    p_contents
                );

                v_count := SQL%ROWCOUNT;

                IF v_count > 0 THEN
                    COMMIT;
                    v_count := 1;
                ELSE
                    ROLLBACK;
                    v_count := 0;
                END IF;
            ELSE
                ROLLBACK;
                v_count := 0;
            END IF; 
        END IF;

        p_result := v_count;
        p_reply_id_new := v_new_reply_id;

        EXCEPTION
            WHEN OTHERS THEN
                ROLLBACK;
                p_result := -1;
                v_errcode := SQLCODE;
                v_errm := SQLERRM(v_errcode);
                DBMS_OUTPUT.PUT_LINE('ERROR : ' || v_errcode || ' ' || v_errm);
                --RAISE_APPLICATION_ERROR(v_errcode, v_errm);
    END Write_Article;

END PKG_BBS_ARTICLE;

/
--------------------------------------------------------
--  DDL for Package Body PKG_BBS_BOARD
--------------------------------------------------------

  CREATE OR REPLACE EDITIONABLE PACKAGE BODY "BBS"."PKG_BBS_BOARD" AS

    PROCEDURE List_All
    (
        p_result            OUT     cv_result
    ) 
    AS
    BEGIN
        OPEN p_result FOR
            SELECT 
                    b.bbs_id,
                    b.bbs_name,
                    b.bbs_type,
                    b.created_time,
                    b.is_enabled,
                    (SELECT COUNT(article_id) FROM bbsarticle WHERE bbs_id = b.bbs_id AND is_deleted <> '1') AS "ARTICLES_TOTAL_COUNT" 
                FROM bbsboard b
                WHERE is_enabled = '1';
                --ORDER BY b.bbs_id ASC;
    END List_All;

    PROCEDURE Create_Board
    (
        p_bbs_id            IN      bbsboard.bbs_id%TYPE,
        p_bbs_name          IN      bbsboard.bbs_name%TYPE,
        p_bbs_type          IN      bbsboard.bbs_type%TYPE,
        p_created_time      IN      bbsboard.created_time%TYPE,
        p_result            OUT     INTEGER
    ) 
    AS
        v_count     INTEGER             := 0;
        v_errcode   INTEGER             := 0;
        v_errm      VARCHAR2(4096)      := '';
    BEGIN
        SELECT COUNT(bbs_id) 
            INTO v_count
            FROM bbsboard
            WHERE bbs_id = p_bbs_id;
        
        IF v_count < 1 THEN
            INSERT INTO bbsboard
            (
                bbs_id,
                bbs_name,
                bbs_type,
                created_time,
                is_enabled
            )
            VALUES
            (
                p_bbs_id,
                p_bbs_name,
                p_bbs_type,
                p_created_time,
                '1'
            );
            
            v_count := SQL%ROWCOUNT;
            
            IF v_count > 0 THEN
                COMMIT;
                v_count := 1;
            ELSE
                ROLLBACK;
                v_count := 0;
            END IF;
        ELSE
            v_count := 0;
        END IF;
    
        p_result := v_count;
    
        EXCEPTION
            WHEN OTHERS THEN
                ROLLBACK;
                v_errcode := SQLCODE;
                v_errm := SQLERRM(v_errcode);
                p_result := -1;
                DBMS_OUTPUT.PUT_LINE('ERROR : ' || v_errcode || ' ' || v_errm);
                --RAISE_APPLICATION_ERROR(v_errcode, v_errm);
    END Create_Board;

    PROCEDURE Delete_Board
    (
        p_bbs_id            IN      bbsboard.bbs_id%TYPE,
        p_result            OUT     INTEGER
    ) 
    AS
        v_count     INTEGER             := 0;
        v_errcode   INTEGER             := 0;
        v_errm      VARCHAR2(4096)      := '';
    BEGIN
        SELECT COUNT(bbs_id) 
            INTO v_count
            FROM bbsboard
            WHERE bbs_id = p_bbs_id;
            
        IF v_count > 0 THEN
            UPDATE bbsboard
                SET is_enabled = '0'
                WHERE bbs_id = p_bbs_id;
                
            v_count := SQL%ROWCOUNT;
            
            IF v_count > 0 THEN
                COMMIT;
                v_count := 1;
            ELSE
                ROLLBACK;
                v_count := 0;
            END IF;
        ELSE
            v_count := 0;
        END IF;
        
        p_result := v_count;
        
        EXCEPTION
            WHEN OTHERS THEN
                ROLLBACK;
                p_result := -1;
                v_errcode := SQLCODE;
                v_errm := SQLERRM(v_errcode);
                DBMS_OUTPUT.PUT_LINE('ERROR : ' || v_errcode || ' ' || v_errm);
                --RAISE_APPLICATION_ERROR(v_errcode, v_errm);
    END Delete_Board;

    PROCEDURE Get_Board
    (
        p_bbs_id            IN      bbsboard.bbs_id%TYPE,
        p_result            OUT     cv_result
    ) 
    AS
    BEGIN
        OPEN p_result FOR
            SELECT * FROM bbsboard WHERE bbs_id = p_bbs_id;
    END Get_Board;

    PROCEDURE Update_Board
    (
        p_bbs_id            IN      bbsboard.bbs_id%TYPE,
        p_bbs_name          IN      bbsboard.bbs_name%TYPE,
        p_bbs_type          IN      bbsboard.bbs_type%TYPE,
        p_is_enabled        IN      bbsboard.is_enabled%TYPE,
        p_result            OUT     INTEGER
    ) 
    AS
        v_count     INTEGER            := 0;
        v_errcode   INTEGER            := 0;
        v_errm      VARCHAR(4096)      := '';
    BEGIN
        SELECT COUNT(bbs_id) 
            INTO v_count
            FROM bbsboard
            WHERE bbs_id = p_bbs_id;
            
        IF v_count > 0 THEN
            UPDATE bbsboard
                SET 
                    bbs_name = p_bbs_name,
                    bbs_type = p_bbs_type,
                    is_enabled = p_is_enabled
                WHERE bbs_id = p_bbs_id;
                
            v_count := SQL%ROWCOUNT;
            
            IF v_count > 0 THEN
                COMMIT;
                v_count := 1;
            ELSE
                ROLLBACK;
                v_count := 0;
            END IF;
        ELSE
            v_count := 0;
        END IF;
        
        p_result := v_count;
        
        EXCEPTION
            WHEN OTHERS THEN
                ROLLBACK;
                p_result := -1;
                v_errcode := SQLCODE;
                v_errm := SQLERRM(v_errcode);
                DBMS_OUTPUT.PUT_LINE('ERROR : ' || v_errcode || ' ' || v_errm);
                --RAISE_APPLICATION_ERROR(v_errcode, v_errm);
    END Update_Board;

END PKG_BBS_BOARD;

/
--------------------------------------------------------
--  Constraints for Table BBSARTICLE
--------------------------------------------------------

  ALTER TABLE "BBS"."BBSARTICLE" MODIFY ("BBS_ID" NOT NULL ENABLE);
  ALTER TABLE "BBS"."BBSARTICLE" MODIFY ("ARTICLE_ID" NOT NULL ENABLE);
  ALTER TABLE "BBS"."BBSARTICLE" MODIFY ("REPLY_ID" NOT NULL ENABLE);
  ALTER TABLE "BBS"."BBSARTICLE" MODIFY ("ARTICLE_TYPE" NOT NULL ENABLE);
  ALTER TABLE "BBS"."BBSARTICLE" MODIFY ("TITLE" NOT NULL ENABLE);
  ALTER TABLE "BBS"."BBSARTICLE" MODIFY ("WRITER" NOT NULL ENABLE);
  ALTER TABLE "BBS"."BBSARTICLE" MODIFY ("WRITTEN_TIME" NOT NULL ENABLE);
  ALTER TABLE "BBS"."BBSARTICLE" ADD CONSTRAINT "BBSARTICLE_PK" PRIMARY KEY ("BBS_ID", "ARTICLE_ID", "REPLY_ID")
  USING INDEX PCTFREE 10 INITRANS 2 MAXTRANS 255 COMPUTE STATISTICS 
  STORAGE(INITIAL 65536 NEXT 1048576 MINEXTENTS 1 MAXEXTENTS 2147483645
  PCTINCREASE 0 FREELISTS 1 FREELIST GROUPS 1
  BUFFER_POOL DEFAULT FLASH_CACHE DEFAULT CELL_FLASH_CACHE DEFAULT)
  TABLESPACE "USERS"  ENABLE;
  ALTER TABLE "BBS"."BBSARTICLE" MODIFY ("IS_DELETED" NOT NULL ENABLE);
--------------------------------------------------------
--  Constraints for Table BBSBOARD
--------------------------------------------------------

  ALTER TABLE "BBS"."BBSBOARD" MODIFY ("BBS_ID" NOT NULL ENABLE);
  ALTER TABLE "BBS"."BBSBOARD" MODIFY ("BBS_NAME" NOT NULL ENABLE);
  ALTER TABLE "BBS"."BBSBOARD" MODIFY ("BBS_TYPE" NOT NULL ENABLE);
  ALTER TABLE "BBS"."BBSBOARD" MODIFY ("CREATED_TIME" NOT NULL ENABLE);
  ALTER TABLE "BBS"."BBSBOARD" MODIFY ("IS_ENABLED" NOT NULL ENABLE);
  ALTER TABLE "BBS"."BBSBOARD" ADD CONSTRAINT "BBSBOARD_PK" PRIMARY KEY ("BBS_ID", "BBS_TYPE")
  USING INDEX PCTFREE 10 INITRANS 2 MAXTRANS 255 COMPUTE STATISTICS 
  STORAGE(INITIAL 65536 NEXT 1048576 MINEXTENTS 1 MAXEXTENTS 2147483645
  PCTINCREASE 0 FREELISTS 1 FREELIST GROUPS 1
  BUFFER_POOL DEFAULT FLASH_CACHE DEFAULT CELL_FLASH_CACHE DEFAULT)
  TABLESPACE "USERS"  ENABLE;
--------------------------------------------------------
--  Constraints for Table BBSCONTENT
--------------------------------------------------------

  ALTER TABLE "BBS"."BBSCONTENT" MODIFY ("BBS_ID" NOT NULL ENABLE);
  ALTER TABLE "BBS"."BBSCONTENT" MODIFY ("ARTICLE_ID" NOT NULL ENABLE);
  ALTER TABLE "BBS"."BBSCONTENT" MODIFY ("REPLY_ID" NOT NULL ENABLE);
  ALTER TABLE "BBS"."BBSCONTENT" ADD CONSTRAINT "BBSCONTENT_PK" PRIMARY KEY ("BBS_ID", "ARTICLE_ID", "REPLY_ID")
  USING INDEX PCTFREE 10 INITRANS 2 MAXTRANS 255 COMPUTE STATISTICS 
  STORAGE(INITIAL 65536 NEXT 1048576 MINEXTENTS 1 MAXEXTENTS 2147483645
  PCTINCREASE 0 FREELISTS 1 FREELIST GROUPS 1
  BUFFER_POOL DEFAULT FLASH_CACHE DEFAULT CELL_FLASH_CACHE DEFAULT)
  TABLESPACE "USERS"  ENABLE;
